aic_LIF,aic_LIFASC,aic_LIFR,aic_LIFRASC,aic_LIFRASCAT,cre,specimen_id
-22126.4787701,-20827.9198308,,,,Rorb-IRES2-Cre-D,313860745
-14151.8146017,-14477.6871707,,,,Pvalb-IRES-Cre,313861608
-15935.4132887,-15315.0796298,-16711.0570206,-18515.0234428,-18513.0234428,Rorb-IRES2-Cre-D,313861677
-26076.6810356,-27187.1555859,-28052.8698379,-33234.2605588,-33232.2605588,Scnn1a-Tg3-Cre,313861794
-21878.1661194,-19115.0131412,,,,Scnn1a-Tg3-Cre,313861828
-10892.4525357,-10507.6378086,-11894.3417429,-12186.1644134,-12184.1644134,Sst-IRES-Cre,313862134
-18334.0461961,-13211.5151108,-19675.0428218,-23212.4958249,-23210.4958249,Sst-IRES-Cre,313862167
-25047.2339961,-25561.4637985,-26511.4694325,-25578.3597114,-25576.3597114,Sst-IRES-Cre,313862274
-17186.1746925,-15255.6586002,,,,Rorb-IRES2-Cre-D,314529406
-26414.5771818,-18914.9973596,,,,Rorb-IRES2-Cre-D,314617802
-14969.8084722,-13989.3891368,-16003.0643491,-17957.3257899,-17955.3257899,Rorb-IRES2-Cre-D,314642645
-15128.9173508,-16473.3967303,-15397.4243366,-19112.3704533,-19110.3704533,Rorb-IRES2-Cre-D,314800921
-13213.1483144,-11008.4644334,-14383.4756759,-17066.660352,-17064.660352,Rorb-IRES2-Cre-D,314822529
-15843.3879108,-14206.8169788,,,,Scnn1a-Tg3-Cre,314900022
-9281.99094087,-9589.3698288,-10916.0318161,-10085.5095048,-10083.5095048,Pvalb-IRES-Cre,318556138
-21260.4227541,-21607.7018845,-22156.8346729,-29235.13255,-29233.13255,Nr5a1-Cre,318733871
-13942.990591,-16248.204802,,,,Nr5a1-Cre,318808427
-18278.0774503,-19900.4664828,-18642.2714685,-25231.0775614,-25229.0775614,Scnn1a-Tg3-Cre,320207387
-16347.0741457,-15676.2210467,,,,Pvalb-IRES-Cre,320455763
-22678.6723451,-24313.0045749,-23994.1938907,-30803.0869883,-30801.0869883,Rorb-IRES2-Cre-D,320639930
-25223.4989538,-16547.3336964,-31644.4480858,-24190.287685,-24188.287685,Scnn1a-Tg2-Cre,320668841
-21436.7546661,-19225.0128819,-23787.2288751,-25613.9146793,-25611.9146793,Scnn1a-Tg3-Cre,320836481
-6225.37148755,-6728.85676424,,,,Pvalb-IRES-Cre,321707905
-26173.5435499,-25077.2998911,-27348.732015,-32171.1096067,-32169.1096067,Nr5a1-Cre,321893798
-24601.0437643,-25712.4626389,,,,Nr5a1-Cre,321923492
-19358.117655,-26194.7654729,-19612.6655659,-30855.3882773,-30853.3882773,Sst-IRES-Cre,322197160
-18407.4802168,-22080.5654831,-21750.9444478,-23149.9967123,-23147.9967123,Sst-IRES-Cre,322197295
-29398.0609192,-29670.7912682,-33790.7524913,-33930.2704094,-33928.2704094,Sst-IRES-Cre,322229594
-24758.1826113,-24000.692087,-28849.0829218,-30703.4003209,-30701.4003209,Sst-IRES-Cre,322246422
-22654.8892761,-18398.8948474,-24864.6598604,-27164.2737527,-27162.2737527,Ntsr1-Cre_GN220,322297406
-25012.4675405,-24373.4981632,-28023.5027097,-32251.2673198,-32249.2673198,Rorb-IRES2-Cre-D,322723785
-23873.5865379,-18912.0859934,,,,Rorb-IRES2-Cre-D,322761772
-13026.2774451,-12624.6518326,,,,Ntsr1-Cre_GN220,322762730
-25282.336875,-21507.4261484,,,,Ntsr1-Cre_GN220,322781822
-23055.7734707,-22714.283397,,,,Sst-IRES-Cre,323452245
-31769.4889152,-28321.2180931,,,,Scnn1a-Tg3-Cre,323777372
-20848.3728823,-21188.6845996,-21695.9470951,-23400.6881549,-23398.6881549,Scnn1a-Tg3-Cre,323834998
-21798.6902449,-20087.4422181,-25346.0111281,-26831.1220422,-26829.1220422,Scnn1a-Tg3-Cre,323838579
-17018.4173766,-13628.9455229,-19403.3685692,-21439.042681,-21437.042681,Rorb-IRES2-Cre-D,324025297
-26027.3646107,-22199.90679,-29368.667672,-30213.9302192,-30211.9302192,Rorb-IRES2-Cre-D,324032509
-15728.416729,-11469.1680318,-20102.9106847,-15725.4550951,-15723.4550951,Rorb-IRES2-Cre-D,324053519
-14891.8573975,-13745.999028,-16082.8777848,-17157.3609712,-17155.3609712,Rorb-IRES2-Cre-D,324065524
-18195.2038029,-19322.1760476,,,,Sst-IRES-Cre,324266189
-17229.8116136,-16475.3068016,-19831.6154639,-21114.6443055,-21112.6443055,Sst-IRES-Cre,324466858
-25563.9385868,-24054.3432595,-30807.3419129,-31693.5749173,-31691.5749173,Sst-IRES-Cre,324493977
-25531.8479744,-23580.4246753,,,,Scnn1a-Tg2-Cre,325480372
-36594.666377,-26736.8704329,-41919.3103479,-35362.124088,-35360.124088,Rbp4-Cre_KL100,325853048
-27468.4180271,-20250.013663,,,,Rbp4-Cre_KL100,325919795
-24318.1069107,-22422.8508268,,,,Htr3a-Cre_NO152,326734770
-28807.7321468,-36217.4142958,,,,Htr3a-Cre_NO152,327566447
-24703.6258445,-28677.3875715,,,,Htr3a-Cre_NO152,327644217
-24729.2708173,-22514.3633301,-29034.1178566,-35614.2358371,-35612.2358371,Htr3a-Cre_NO152,327648537
-22395.1744805,-21917.8002138,-23411.4305864,-34806.0386257,-34804.0386257,Htr3a-Cre_NO152,327679841
-18909.4733693,-19154.4980553,,,,Htr3a-Cre_NO152,327706437
-28779.0772359,-24171.4088057,,,,Htr3a-Cre_NO152,327962063
-16916.6700294,-16494.3539544,-21041.2459188,-22120.3136977,-22118.3136977,Sst-IRES-Cre,328015342
-23773.937546,-24483.9735502,-26656.4352759,-24504.2923809,-24502.2923809,Sst-IRES-Cre,328031983
-38552.335553,-37010.7184819,-44510.7540556,-42651.68433,-42649.68433,Sst-IRES-Cre,328535908
-45346.0346038,-42939.8400567,,,,Sst-IRES-Cre,328549885
-44312.7342311,-44951.0818654,,,,Sst-IRES-Cre,328876201
-29685.2556471,-30896.21564,-38779.6701078,-38554.4552049,-38552.4552049,Sst-IRES-Cre,329224678
-45227.0321139,-45797.2808469,,,,Sst-IRES-Cre,329241587
-14261.8331121,-14225.8073437,,,,Sst-IRES-Cre,329254830
-32778.296599,-33397.8255821,,,,Rorb-IRES2-Cre-D,329550277
-28742.707232,-28697.63557,,,,Rorb-IRES2-Cre-D,329557305
-22772.902666,-21885.7474795,,,,Pvalb-IRES-Cre,330080937
-29371.4991211,-34301.2770001,,,,Pvalb-IRES-Cre,333785935
-17251.6499404,-19849.3212019,,,,Pvalb-IRES-Cre,336676216
-19963.8699811,-18780.3492284,,,,Pvalb-IRES-Cre,341016267
-28354.4696869,-26777.0534861,,,,Pvalb-IRES-Cre,341442651
-17802.3666437,-17517.0372206,,,,Pvalb-IRES-Cre,341459814
-19330.2181076,-14016.8322143,,,,Scnn1a-Tg2-Cre,354190013
-27445.1929494,-27971.1189834,,,,Nr5a1-Cre,354833767
-28049.0803641,-30799.3795556,,,,Nr5a1-Cre,367567889
-26042.1605514,-23581.5323294,,,,Nr5a1-Cre,369697038
-35368.8140026,-35604.996788,,,,Nr5a1-Cre,370351753
-28894.0896373,-24779.7231269,,,,Nr5a1-Cre,382982932
-24129.7069074,-21676.5220881,,,,Nr5a1-Cre,386049446
-28202.2311985,-22437.6231245,,,,Nr5a1-Cre,386970660
-32771.3377348,-33835.2551593,,,,Scnn1a-Tg3-Cre,395785266
-40069.9414136,-34622.2465447,,,,Scnn1a-Tg3-Cre,395830185
-35043.3098861,-38730.222076,,,,Nr5a1-Cre,397348126
-20915.2446183,-21892.3409215,,,,Nr5a1-Cre,397353539
-24161.1763234,-22207.4322184,,,,Nr5a1-Cre,397354239
-23689.632362,-15720.1058201,,,,Nr5a1-Cre,422055317
-29186.1949836,-28781.0393755,-30460.3397027,-36818.6500981,-36816.6500981,Nr5a1-Cre,422738880
-27612.1843142,-18702.0226496,-36370.9114361,-31282.9321695,-31280.9321695,Scnn1a-Tg2-Cre,464079491
-30257.1344884,-27931.351986,-32011.4764392,-44112.1931057,-44110.1931057,Htr3a-Cre_NO152,464188580
-32914.297487,-32340.4692416,,,,Htr3a-Cre_NO152,464191630
-22080.2747984,-21654.4669852,,,,Sst-IRES-Cre,464198958
-20449.9467716,-19210.8369224,-21375.8012946,-22828.0912399,-22826.0912399,Sst-IRES-Cre,464212183
-21019.9703125,-21578.8591475,-22234.1873453,-27177.1149971,-27175.1149971,Nr5a1-Cre,465924786
-28733.8022091,-26518.2935752,,,,Rorb-IRES2-Cre-D,466378900
-13026.2774451,-12624.6518326,,,,Ntsr1-Cre_GN220,466632464
-31926.8689405,-31404.8525176,,,,Sst-IRES-Cre,466664172
-20036.3586222,-21915.3293435,-20824.8389207,-26685.5472384,-26683.5472384,Rorb-IRES2-Cre-D,467003163
-20064.7934989,-19278.4111573,,,,Rorb-IRES2-Cre-D,467357834
-26739.4818093,-22575.8267971,,,,Scnn1a-Tg2-Cre,467703703
-16113.2081476,-16507.0453446,,,,Scnn1a-Tg2-Cre,467831649
-20892.6547475,-20034.5416894,-22826.6800218,-25368.6137226,,Scnn1a-Tg3-Cre,468120757
-35998.9967333,-36610.4190935,,,,Pvalb-IRES-Cre,469614747
-26247.7497913,-25989.4364009,-28996.6225866,-39455.9485856,-39453.9485856,Nr5a1-Cre,469704261
-18328.4339273,-19236.9134824,,,,Nr5a1-Cre,469734859
-12831.9680336,-15002.7353976,-13359.7905476,-20636.283887,-20634.283887,Htr3a-Cre_NO152,469753383
-36968.2508356,-33298.4081544,,,,Rorb-IRES2-Cre-D,469763389
-36841.6371013,-36882.0897952,,,,Scnn1a-Tg3-Cre,469793303
-38479.3500561,-29559.8474882,,,,Scnn1a-Tg3-Cre,469800845
-16433.1201633,-16488.5996564,,,,Pvalb-IRES-Cre,469801569
-21301.8822504,-19156.4341168,,,,Scnn1a-Tg3-Cre,469803003
-39329.7812962,-32255.266001,-48898.8996296,-43375.9272361,-43373.9272361,Scnn1a-Tg3-Cre,469803127
-16182.5399679,-10939.9122171,-17944.1145074,-13683.5729513,-13681.5729513,Scnn1a-Tg3-Cre,469832490
-17734.8229298,-14287.7940158,,,,Scnn1a-Tg3-Cre,469864405
-20462.886382,-17389.5032909,,,,Scnn1a-Tg3-Cre,470098860
-25498.1209201,-25169.4613019,-29085.2551845,-31623.225463,-31621.225463,Pvalb-IRES-Cre,471087830
-18699.667024,-19267.5182257,-19898.4308767,-23247.8647179,-23245.8647179,Rbp4-Cre_KL100,471129934
-25941.9960309,-22974.1836735,-31966.6213584,-31292.1946172,-31290.1946172,Rbp4-Cre_KL100,471131311
-24486.5449748,-14884.8800825,-38719.5620148,-26776.7250915,-26774.7250915,Rbp4-Cre_KL100,471141261
-21454.2112356,-21637.6579992,,,,Ntsr1-Cre_GN220,471789504
-19379.2687737,-19760.7074033,,,,Ntsr1-Cre_GN220,471800189
-32246.4113433,-28915.9928428,-38621.7792354,-44508.7163106,-44506.7163106,Ntsr1-Cre_GN220,471819401
-45396.5687953,-49143.9169748,-46478.1055395,-50454.2791987,-50452.2791987,Sst-IRES-Cre,473011949
-35923.7501151,-30080.0778263,-41663.4328006,-42633.459902,-42631.459902,Rorb-IRES2-Cre-D,473020156
-29508.4435279,-25469.3645164,,,,Sst-IRES-Cre,473564515
-14397.1460337,-15287.6140983,-20271.6350313,-19770.9755867,-19768.9755867,Sst-IRES-Cre,473593847
-34402.9662621,-38653.6185229,-36243.4172429,-48638.6509905,-48636.6509905,Rorb-IRES2-Cre-D,473642382
-38305.0726551,-36767.6400069,-47257.3506499,-47823.2564853,-47821.2564853,Htr3a-Cre_NO152,473909767
-32066.6331445,-32138.8022206,,,,Htr3a-Cre_NO152,473943881
-48153.2373043,-53744.2115371,,,,Htr3a-Cre_NO152,473951795
-37283.2762834,-32004.1126481,,,,Htr3a-Cre_NO152,474267418
-42066.7884293,-40829.9881342,,,,Htr3a-Cre_NO152,474626527
-18491.2119181,-19861.2281397,-16623.3873219,-26643.9491803,-26641.9491803,Htr3a-Cre_NO152,474637203
-14007.6991644,-14325.625929,,,,Htr3a-Cre_NO152,474652473
-16344.2622472,-17747.9764327,-20578.0425674,-19612.6330498,-19610.6330498,Sst-IRES-Cre,475057898
-27064.3753505,-25239.3300873,-30393.5606948,-34444.9141728,-34442.9141728,Rbp4-Cre_KL100,475400072
-20048.6445665,-21296.4364895,,,,Sst-IRES-Cre,475512108
-22165.2548833,-28485.6374793,-29863.2802235,-30015.2324524,-30013.2324524,Sst-IRES-Cre,475517090
-54124.7311338,-56953.5923878,-57975.2527177,-58692.6280503,-58690.6280503,Sst-IRES-Cre,475542907
-26760.4796221,-29472.4841536,-34704.0073707,-32735.3894032,-32733.3894032,Sst-IRES-Cre,475580568
-20013.4356985,-23274.7381825,-18669.4693426,-27790.9568521,-27788.9568521,Htr3a-Cre_NO152,475585413
-20656.7639621,-21571.4925295,-23362.7348306,-24018.9573957,-24016.9573957,Htr3a-Cre_NO152,475586130
-31239.3775129,-33237.2295484,-32214.1313183,-36238.8442951,-36236.8442951,Htr3a-Cre_NO152,475619045
-37340.7232974,-32936.1175497,-45954.1596956,-45920.958492,-45918.958492,Htr3a-Cre_NO152,475622680
-29564.594183,-31611.325439,-31018.1315271,-41819.8788224,-41817.8788224,Htr3a-Cre_NO152,475622793
-38234.0960636,-39135.2688042,-40229.4714088,-50517.6025703,-50515.6025703,Htr3a-Cre_NO152,475625477
-20739.4233167,-21930.0036358,-23334.0913627,-22435.1152043,-22433.1152043,Htr3a-Cre_NO152,475740357
-16033.1453419,-14295.0239479,,,,Scnn1a-Tg2-Cre,475751758
-29991.5499064,-29679.6289619,-32069.3687768,-34200.6680585,-34198.6680585,Nr5a1-Cre,475838754
-35342.5281651,-32662.870625,,,,Rorb-IRES2-Cre-D,475848827
-28653.3293146,-26543.6492789,-39078.5875302,-41214.6623826,-41212.6623826,Pvalb-IRES-Cre,475894121
-31519.37809,-29923.8968583,-39952.7203989,-39312.922053,-39310.922053,Pvalb-IRES-Cre,475895240
-23733.277469,-23141.28493,,,,Rorb-IRES2-Cre-D,476048909
-43542.1896351,-41333.9194961,,,,Rorb-IRES2-Cre-D,476053392
-40471.4240673,-34488.2844704,,,,Scnn1a-Tg2-Cre,476054829
-23067.6571693,-16991.795213,,,,Scnn1a-Tg2-Cre,476056333
-27699.7456797,-27357.8651558,,,,Sst-IRES-Cre,476093220
-27579.4233196,-29403.1795706,,,,Sst-IRES-Cre,476099282
-23180.7024341,-24738.1213231,-26314.2117995,-25798.6919409,-25796.6919409,Sst-IRES-Cre,476100382
-35125.3335321,-35612.4799814,,,,Sst-IRES-Cre,476104386
-33651.5676605,-28133.3025209,,,,Scnn1a-Tg3-Cre,476129135
-35149.7762612,-29176.8374586,-39922.7269811,-36291.8566571,-36289.8566571,Scnn1a-Tg3-Cre,476131588
-22880.2021689,-22865.8786643,-23918.8928324,-26020.3779549,-26018.3779549,Scnn1a-Tg3-Cre,476178907
-26682.5049693,-29023.5070717,,,,Scnn1a-Tg3-Cre,476218657
-15079.0219733,-16204.1741112,-15302.927096,-20231.1274557,-20229.1274557,Scnn1a-Tg3-Cre,476263004
-30170.9643162,-30546.8783235,,,,Scnn1a-Tg3-Cre,476266853
-18577.2766604,-17334.3810668,-20636.5715551,-23473.5446631,-23471.5446631,Scnn1a-Tg3-Cre,476269122
-41676.9892642,-35614.170043,,,,Nr5a1-Cre,476452460
-34684.6536311,-29638.7685096,,,,Nr5a1-Cre,476457450
-38919.0919206,-39068.2778584,-41557.0702205,-49215.6518747,-49213.6518747,Scnn1a-Tg3-Cre,476557750
-62935.398413,-59867.2821515,-66963.6207996,-66171.4240198,-66169.4240198,Rorb-IRES2-Cre-D,476562817
-29680.4329341,-30478.0091989,,,,Rorb-IRES2-Cre-D,476615310
-42117.7139964,-43404.9620787,-45819.4274102,-45044.1668816,-45042.1668816,Sst-IRES-Cre,476686112
-7064.3600103,-29069.7699386,,,,Sst-IRES-Cre,476751360
-24399.6497683,-25553.184947,,,,Sst-IRES-Cre,476753465
-8383.38349167,-28132.9827904,,,,Sst-IRES-Cre,476764144
-47720.299795,-44382.1388078,,,,Rorb-IRES2-Cre-D,476823462
-28136.3207592,-27463.9437915,-31409.8172021,-35899.5726411,-35897.5726411,Pvalb-IRES-Cre,477490421
-20043.3504583,-21837.341967,-20580.2311888,-29978.7770844,-29976.7770844,Htr3a-Cre_NO152,477879512
-46279.0960057,-57634.372825,,,,Htr3a-Cre_NO152,477880128
-29786.9771309,-28643.5708037,,,,Htr3a-Cre_NO152,477991293
-37665.5162357,-37777.8786462,-39136.877649,-40032.3384667,-40030.3384667,Pvalb-IRES-Cre,478058328
-31574.2133127,-26957.119129,-31282.0409685,-35798.9698537,-35796.9698537,Htr3a-Cre_NO152,478107198
-19378.0759624,-20029.8286142,,,,Htr3a-Cre_NO152,478110866
-34341.3917679,-35192.45865,,,,Sst-IRES-Cre,478396248
-47962.901495,-51362.3292428,,,,Sst-IRES-Cre,478412623
-23238.2744717,-23852.8689864,,,,Nr5a1-Cre,478439166
-20278.5728685,-23987.2960252,-20400.4973028,-31656.4767404,-31654.4767404,Nr5a1-Cre,478447600
-28078.5044265,-21037.2798184,-28817.4168519,-25450.2635119,-25448.2635119,Rorb-IRES2-Cre-D,478498617
-35009.7255278,-28608.6016107,,,,Rorb-IRES2-Cre-D,478499902
-28279.5054144,-29281.1326445,,,,Rorb-IRES2-Cre-D,478586295
-26630.5974499,-22748.8598728,,,,Rorb-IRES2-Cre-D,478586425
-34142.3945232,-34213.0305243,,,,Sst-IRES-Cre,478716304
-26895.9637535,-25659.0166419,,,,Pvalb-IRES-Cre,478793814
-26475.5210868,-40400.0107587,,,,Pvalb-IRES-Cre,478947222
-29733.149988,-32001.2985681,-32458.0308293,-37437.8983321,-37435.8983321,Pvalb-IRES-Cre,478949560
-29252.5045664,-26465.6744506,-30472.7218299,-37719.9996976,-37717.9996976,Pvalb-IRES-Cre,478958894
-25977.4542759,-26020.9166761,,,,Rbp4-Cre_KL100,479150681
-28212.9368016,-28068.7301092,-29514.2401787,-32478.318802,-32476.318802,Rorb-IRES2-Cre-D,479179020
-13263.4995331,-12380.162962,,,,Htr3a-Cre_NO152,479218494
-31682.5138653,-33890.3584561,,,,Htr3a-Cre_NO152,479219923
-26881.0833913,-30710.1565568,,,,Htr3a-Cre_NO152,479220013
-30643.1363706,-28247.7206514,,,,Rorb-IRES2-Cre-D,479225052
-37841.4870794,-28906.6988822,-50872.2608369,-45074.4978327,-45072.4978327,Rorb-IRES2-Cre-D,479225080
-29787.8023711,-28420.0346036,,,,Rorb-IRES2-Cre-D,479225294
-26647.8564486,-25595.4701673,,,,Pvalb-IRES-Cre,479298854
-39404.9717477,-33635.3950387,-47385.8521465,-48180.8619678,-48178.8619678,Scnn1a-Tg3-Cre,479415457
-36756.8698192,-33279.601658,,,,Rorb-IRES2-Cre-D,479492633
-36057.781818,-39493.6154514,-37979.0100998,-46710.9742986,-46708.9742986,Rorb-IRES2-Cre-D,479508018
-32880.7878305,-37328.9438616,,,,Rbp4-Cre_KL100,479711015
-38301.6755401,-38096.3276463,-41882.9903829,-49622.989251,-49620.989251,Rbp4-Cre_KL100,479721491
-38811.8829291,-34806.0934126,-46231.649805,-45474.3503831,-45472.3503831,Rbp4-Cre_KL100,479722622
-26257.170298,-24311.8148364,-30049.2173529,-34164.1004623,-34162.1004623,Rorb-IRES2-Cre-D,479766169
-46004.1438512,-38220.2942483,-54475.3309527,-50678.179431,-50676.179431,Rorb-IRES2-Cre-D,480087928
-30880.6481544,-28099.0344124,,,,Rorb-IRES2-Cre-D,480122859
-27200.4987452,-28827.5155693,,,,Rorb-IRES2-Cre-D,480124551
-44792.2946345,-43526.0220647,-48617.5086772,-53325.6130801,-53323.6130801,Rorb-IRES2-Cre-D,480169178
-10115.5653587,-15104.276408,,,,Sst-IRES-Cre,480171348
-42617.2472572,-35555.2055603,-50888.0295849,-49218.8832975,-49216.8832975,Rorb-IRES2-Cre-D,480171386
-20022.4777465,-16399.8394207,-22327.1842944,-23219.9057355,-23217.9057355,Rorb-IRES2-Cre-D,480268803
-42380.1824775,-36688.2503912,-53017.3522608,-53202.6242889,-53200.6242889,Rorb-IRES2-Cre-D,480273887
-31537.3818082,-25673.1888167,-34973.3772353,-31639.550667,-31637.550667,Rorb-IRES2-Cre-D,480351780
-31921.7570454,-22363.4633417,-42203.1100893,-40714.8363864,-40712.8363864,Rorb-IRES2-Cre-D,480353286
-29144.4504218,-27750.2303304,-31611.4311391,-34418.0690288,-34416.0690288,Rorb-IRES2-Cre-D,480643417
-20635.4168371,-15940.7185838,-24397.0196109,-22466.959675,-22464.959675,Scnn1a-Tg2-Cre,480647923
-31384.1878601,-32252.0660603,,,,Rorb-IRES2-Cre-D,480648382
-24687.413773,-30851.4520686,,,,Rorb-IRES2-Cre-D,480705931
-40346.2327072,-35833.9065282,,,,Rbp4-Cre_KL100,480718588
-22595.0799857,-26302.2887044,,,,Pvalb-IRES-Cre,480735016
-31467.7445145,-27789.2201557,,,,Rorb-IRES2-Cre-D,480778441
-14260.8540753,-14507.1901949,,,,Pvalb-IRES-Cre,480952106
-22928.2852857,-20111.2794368,-28926.3347328,-28053.5607278,-28051.5607278,Htr3a-Cre_NO152,480999763
-28047.739474,-26237.1132496,-30651.5812971,-33896.4823026,-33894.4823026,Htr3a-Cre_NO152,481003593
-24938.9207961,-24940.7261288,,,,Htr3a-Cre_NO152,481003643
-8956.41996611,-12139.6354118,,,,Htr3a-Cre_NO152,481004298
-21389.7782,-23869.7564107,,,,Pvalb-IRES-Cre,481017021
-29606.4921847,-28615.2794709,-36222.2953285,-37033.886705,-37031.886705,Pvalb-IRES-Cre,481018305
-13840.3506197,-14039.7935081,,,,Pvalb-IRES-Cre,481093525
-22944.3090504,-21590.8544715,-26057.6912654,-27581.9189796,-27579.9189796,Pvalb-IRES-Cre,481127173
-23430.0003754,-21966.0038277,,,,Pvalb-IRES-Cre,481127348
-29178.2926869,-27676.4828151,-33395.906185,-39771.0299532,-39769.0299532,Htr3a-Cre_NO152,481136214
-19355.0572886,-18209.0925657,,,,Htr3a-Cre_NO152,482435718
-28524.1987314,-26805.3481297,,,,Pvalb-IRES-Cre,482444444
-28736.7675154,-29210.1426448,-32729.2845282,-35204.8031447,-35202.8031447,Htr3a-Cre_NO152,482516216
-27326.3587348,-32653.1097392,-29277.4852759,-35627.135947,-35625.135947,Pvalb-IRES-Cre,482516631
-24788.0757411,-24793.3812052,,,,Htr3a-Cre_NO152,482521571
-23280.3543021,-20878.0614554,,,,Htr3a-Cre_NO152,482649712
-14184.0727191,-15808.9176034,-14140.2902478,-19911.4411232,-19909.4411232,Htr3a-Cre_NO152,482654108
-26176.9916411,-25008.5264648,,,,Sst-IRES-Cre,482690728
-37836.1152529,-35075.9203277,,,,Nr5a1-Cre,482726727
-56224.4795226,-57122.8930568,-59026.9105787,-59143.7843791,-59141.7843791,Htr3a-Cre_NO152,482764620
-21922.4114991,-20324.8889481,-24088.2060637,-25033.0938734,-25031.0938734,Htr3a-Cre_NO152,482772037
-29476.1521912,-29547.9025681,,,,Htr3a-Cre_NO152,482773968
-33534.7988153,-30634.6243187,-36078.9732749,-39779.1173362,-39777.1173362,Nr5a1-Cre,482809953
-39684.2981868,-36953.8323702,,,,Cux2-CreERT2,483018019
-19059.4674349,-18333.8763001,,,,Nr5a1-Cre,483027960
-23548.5264248,-22127.3347136,,,,Cux2-CreERT2,483057325
-16355.6107648,-16954.3044842,-20936.0791049,-16418.5877093,-16416.5877093,Sst-IRES-Cre,483083617
-18923.6753652,-17594.0445892,,,,Rorb-IRES2-Cre-D,483091812
-32703.9070973,-30797.7709496,,,,Cux2-CreERT2,483099796
-24292.3296219,-20429.9687831,-29184.2230861,-32065.4722905,-32063.4722905,Cux2-CreERT2,483101699
-17677.7938841,-15213.9935874,,,,Cux2-CreERT2,484509440
-34274.5750578,-33249.8011351,-37205.9906878,-42545.9614545,-42543.9614545,Cux2-CreERT2,484515166
-34910.8056132,-34404.3061909,-40138.2829273,-41669.3665347,-41667.3665347,Pvalb-IRES-Cre,484635029
-21194.5016604,-19103.479648,-23239.9981993,-24597.6970184,-24595.6970184,Rorb-IRES2-Cre-D,484679812
-36161.8858996,-29547.475966,-46757.3159012,-44374.8532683,-44372.8532683,Scnn1a-Tg2-Cre,484737013
-16056.1026419,-12886.2825531,,,,Scnn1a-Tg2-Cre,484738748
-34583.2016479,-34096.6858746,-38970.2188857,-39767.6856584,-39765.6856584,Pvalb-IRES-Cre,484742372
-23166.2309363,-25903.5925272,,,,Pvalb-IRES-Cre,484744672
-24611.6408559,-20294.7231266,,,,Rorb-IRES2-Cre-D,484770879
-22496.2911725,-24368.4133474,,,,Sst-IRES-Cre,485058595
-31512.5236425,-32643.709256,,,,Sst-IRES-Cre,485061364
-24393.1687846,-23179.7171436,,,,Pvalb-IRES-Cre,485184849
-39768.0360913,-41208.7884996,,,,Sst-IRES-Cre,485287282
-27870.7287107,-25708.8472402,,,,Ntsr1-Cre_GN220,485287944
-36091.2593074,-35766.3568207,-39660.0837763,-45384.9588782,-45382.9588782,Ntsr1-Cre_GN220,485339983
-40824.8634984,-41814.8174576,,,,Sst-IRES-Cre,485455285
-23905.4984987,-21202.8659911,-28652.8705048,-31500.9083628,-31498.9083628,Sst-IRES-Cre,485466109
-39901.3480745,-39118.2500957,-40612.7511936,-41326.3319369,-41324.3319369,Nr5a1-Cre,485468180
-23867.5052074,-17557.4949699,,,,Nr5a1-Cre,485570335
-25855.9697507,-27902.0967385,,,,Nr5a1-Cre,485570372
-23047.1694253,-9256.72823159,-29503.674488,-15530.9362885,-15528.9362885,Rbp4-Cre_KL100,485574721
-35280.2311032,-32001.8374667,-45595.9253158,-46341.7708837,-46339.7708837,Rbp4-Cre_KL100,485574832
-37589.4461999,-37117.1885036,-41705.6182906,-47073.8557572,-47071.8557572,Rbp4-Cre_KL100,485577686
-30023.7920367,-30233.123597,-30345.062932,-43472.5443301,-43470.5443301,Rbp4-Cre_KL100,485578197
-40398.6986517,-41850.9745254,-43502.5573843,-53472.8998097,-53470.8998097,Rbp4-Cre_KL100,485579168
-35817.0796579,-33609.4730475,-40247.6875241,-44906.3197207,-44904.3197207,Rbp4-Cre_KL100,485608017
-18032.3693783,-15011.931474,,,,Rbp4-Cre_KL100,485610263
-33249.7921222,-29743.4959692,-43727.8102526,-44124.2595891,-44122.2595891,Rbp4-Cre_KL100,485835016
-16571.7743842,-15741.2348678,,,,Rorb-IRES2-Cre-D,485836906
-42778.8829031,-37817.7999177,-48523.2644529,-49307.910304,-49305.910304,Rorb-IRES2-Cre-D,485837504
-22391.4342894,-16843.277311,-31384.3614001,-27408.9884024,-27406.9884024,Rbp4-Cre_KL100,485838981
-36856.8122042,-32219.9715354,-46076.8015035,-45068.6089861,-45066.6089861,Rbp4-Cre_KL100,485880739
-35484.0153219,-36357.3288659,-37981.2794981,-47649.7463515,-47647.7463515,Rorb-IRES2-Cre-D,485884503
-27710.7470401,-24819.1478714,,,,Rorb-IRES2-Cre-D,485889190
-23025.6071718,-23651.3583687,-23724.6146346,-32229.8169147,-32227.8169147,Ntsr1-Cre_GN220,485905411
-35586.9032654,-33766.6182254,,,,Cux2-CreERT2,485912047
-28176.167207,-29428.7012215,,,,Rorb-IRES2-Cre-D,485931158
-34240.5601705,-33448.8394412,,,,Cux2-CreERT2,485932822
-25156.0329245,-22476.6849495,-29413.664488,-35672.8506945,-35670.8506945,Ntsr1-Cre_GN220,485938494
-38035.4856113,-39576.0398249,,,,Cux2-CreERT2,485955227
-30116.2776138,-28889.6555599,-32550.0452578,-36551.2982463,-36549.2982463,Cux2-CreERT2,485958978
-30931.7129851,-27803.266184,-32790.9123899,-37528.2448702,-37526.2448702,Cux2-CreERT2,486029942
-24779.4667415,-19311.1172264,-29984.2537678,-26466.6809136,-26464.6809136,Rbp4-Cre_KL100,486052980
-28810.4560936,-26794.2972649,-32343.1545657,-35828.1199028,-35826.1199028,Cux2-CreERT2,486108147
-33660.3329144,-36272.0352151,,,,Rbp4-Cre_KL100,486110216
-21735.7021203,-17433.5278754,,,,Rbp4-Cre_KL100,486132712
-19797.5027457,-18330.6394035,-22299.2218173,-24998.9773689,-24996.9773689,Cux2-CreERT2,486146717
-24326.3831544,-21982.8854776,,,,Cux2-CreERT2,486175203
-28150.9788255,-13014.8599295,,,,Rbp4-Cre_KL100,486176465
-26443.4242284,-25785.1731954,,,,Cux2-CreERT2,486196663
-42148.4585598,-41617.0188822,-45635.0948358,-51589.0947086,-51587.0947086,Cux2-CreERT2,486198953
-35697.4067139,-31008.7029668,,,,Rbp4-Cre_KL100,486236426
-36823.4234216,-33929.1990036,-40406.908153,-46040.9166183,-46038.9166183,Cux2-CreERT2,486239338
-13466.3582267,-13080.4117311,,,,Cux2-CreERT2,486262299
-36289.9655453,-35727.8830964,,,,Cux2-CreERT2,486264574
-26222.942448,-28097.2337464,-26604.1516868,-33287.3612281,-33285.3612281,Sst-IRES-Cre,486352114
-26733.5162001,-25872.992594,,,,Rorb-IRES2-Cre-D,486466923
-24675.274929,-23522.4469327,-26011.8717225,-31244.723557,-31242.723557,Rorb-IRES2-Cre-D,486472847
-38140.5074004,-33942.4336318,-42879.7763878,-45788.9946382,-45786.9946382,Rorb-IRES2-Cre-D,486500736
-24633.7835644,-22947.8592784,,,,Nr5a1-Cre,486510127
-26099.7560081,-28782.0099215,,,,Htr3a-Cre_NO152,486557574
-28966.5708628,-27923.6516901,,,,Cux2-CreERT2,486560376
-19613.8507314,-18969.4605648,,,,Cux2-CreERT2,486753754
-35373.5309403,-35453.8525752,,,,Cux2-CreERT2,486756093
-26616.1263335,-19237.899497,-36526.4122452,-30605.5861165,-30603.5861165,Scnn1a-Tg3-Cre,486893033
-35549.6285289,-38088.4914953,,,,Htr3a-Cre_NO152,486921382
-29379.6697031,-26042.2358825,,,,Htr3a-Cre_NO152,486941367
-17905.1850548,-17105.6569581,-22326.4129752,-22328.3748957,-22326.3748957,Htr3a-Cre_NO152,487158599
-28076.7816251,-30204.0999992,-32716.2996699,-34988.4075777,-34986.4075777,Htr3a-Cre_NO152,487176969
-18725.6105443,-24502.9838815,-19006.4478575,-25904.9626075,-25902.9626075,Pvalb-IRES-Cre,487306716
-36761.2201188,-36518.1973933,,,,Cux2-CreERT2,487353993
-31507.7132911,-29229.030283,-36761.3419458,-40893.8037603,-40891.8037603,Cux2-CreERT2,487358945
-19744.5445712,-19581.0697021,,,,Pvalb-IRES-Cre,487400838
-29661.8101046,-30514.6356651,,,,Pvalb-IRES-Cre,487405644
-27741.8617539,-23297.0481968,-31165.4178278,-34065.4821401,-34063.4821401,Cux2-CreERT2,487445455
-27146.3353261,-27964.3185603,,,,Cux2-CreERT2,487446992
-20717.6209297,-18192.522875,,,,Pvalb-IRES-Cre,487594856
-35385.1614937,-32426.3306919,,,,Cux2-CreERT2,487601493
-25027.2178616,-33882.1438875,,,,Pvalb-IRES-Cre,487638658
-22149.9163419,-22872.9192174,,,,Cux2-CreERT2,487661754
-17350.6650703,-16571.7084341,-28336.7182145,-28264.265568,-28262.265568,Rbp4-Cre_KL100,487663469
-13647.9073601,-9351.38136997,,,,Rbp4-Cre_KL100,487664070
-30132.295999,-26313.9875633,,,,Rbp4-Cre_KL100,487664663
-34462.3094552,-35279.0657418,,,,Pvalb-IRES-Cre,487667205
-27016.3007295,-27757.9816402,,,,Pvalb-IRES-Cre,487668030
-29135.2231033,-25712.4265611,,,,Rbp4-Cre_KL100,488359338
-27688.1860193,-24558.1907295,-32692.7355691,-37471.7635496,-37469.7635496,Rbp4-Cre_KL100,488380827
-40838.5299805,-39801.7149055,-43592.7450455,-47409.0782259,-47407.0782259,Rbp4-Cre_KL100,488419491
-28342.3131338,-27544.391197,-31301.2370796,-40496.4987787,-40494.4987787,Ntsr1-Cre_GN220,488426904
-19414.1076963,-18473.6167126,,,,Ntsr1-Cre_GN220,488430487
-18540.9099926,-11575.2180468,-27364.6009389,-17726.7627129,-17724.7627129,Ntsr1-Cre_GN220,488432250
-28170.9861643,-26809.3260346,,,,Pvalb-IRES-Cre,488440436
-26342.6370213,-24061.3531616,,,,Ntsr1-Cre_GN220,488448839
-21657.1735859,-21888.9467161,-29297.4440691,-28727.4405993,-28725.4405993,Pvalb-IRES-Cre,488501071
-25682.6588544,-31971.6756866,,,,Pvalb-IRES-Cre,488501487
-31751.4630142,-27008.5727165,-37448.629344,-40692.0597973,-40690.0597973,Ntsr1-Cre_GN220,488675026
-15781.5664014,-13201.8082315,-14240.0558703,-26713.4833523,-26711.4833523,Ntsr1-Cre_GN220,488676149
-28382.9938043,-31340.1574912,,,,Sst-IRES-Cre,488677318
-27076.1277951,-27789.2397304,-29597.4303061,-28943.146554,-28941.146554,Sst-IRES-Cre,488677994
-22560.1703784,-21999.2983806,,,,Rbp4-Cre_KL100,488683425
-32896.6899408,-35851.4661512,-33595.3085988,-45156.8370008,-45154.8370008,Htr3a-Cre_NO152,488686369
-24154.3429922,-32876.5744986,,,,Ntsr1-Cre_GN220,488688344
-29785.2981867,-24267.3458543,,,,Rorb-IRES2-Cre-D,488695444
-18773.8790296,-21146.4638553,,,,Pvalb-IRES-Cre,488708322
-22538.9948551,-25889.4329321,,,,Pvalb-IRES-Cre,488770805
-37248.589549,-35227.5624722,,,,Cux2-CreERT2,489259263
-17734.889511,-17550.0174941,,,,Pvalb-IRES-Cre,489719193
-38342.0974423,-39877.3441205,-41599.4077669,-50094.0191442,-50092.0191442,Nr5a1-Cre,489731121
-17150.0308882,-15754.9847435,,,,Cux2-CreERT2,489751692
-33263.6077275,-32608.3931326,-36751.2704894,-45084.0457324,-45082.0457324,Cux2-CreERT2,489751959
-33709.0625521,-35691.7530923,-35348.0318082,-43591.5725845,-43589.5725845,Nr5a1-Cre,489754156
-26767.1956719,-30015.3377326,,,,Nr5a1-Cre,489885173
-36836.0985494,-39081.0995037,,,,Cux2-CreERT2,489887491
-39091.1205999,-37867.808456,,,,Nr5a1-Cre,489888847
-28994.79626,-31049.8192286,,,,Nr5a1-Cre,489888898
-32306.5605607,-29441.8182926,,,,Htr3a-Cre_NO152,489930727
-30724.2065723,-45656.0021334,-30980.6088651,-47687.9079543,-47685.9079543,Htr3a-Cre_NO152,490149337
-37408.3384478,-36137.2863552,,,,Cux2-CreERT2,490170480
-19867.7492407,-15939.1391949,,,,Cux2-CreERT2,490172112
-39779.4407122,-41192.8860462,,,,Sst-IRES-Cre,490173806
-17711.3193875,-14950.8749731,-20795.3398194,-20523.1156451,-20521.1156451,Scnn1a-Tg2-Cre,490205998
-31016.9999635,-27402.6977403,,,,Ntsr1-Cre_GN220,490259231
-39320.220696,-27836.703765,,,,Ntsr1-Cre_GN220,490259892
-29530.1627437,-26656.798581,-35828.6948338,-38837.2524294,-38835.2524294,Ntsr1-Cre_GN220,490263438
-38790.8823474,-36898.4972976,,,,Ntsr1-Cre_GN220,490264167
-37836.7209894,-37483.8942307,-40881.9086646,-47426.1083565,-47424.1083565,Cux2-CreERT2,490267468
-46284.9564384,-40679.5002343,-52355.8474168,-47616.0389464,-47614.0389464,Scnn1a-Tg2-Cre,490283519
-30501.9831549,-26027.5023272,-34599.8621284,-36414.8294467,-36412.8294467,Cux2-CreERT2,490376252
-11790.398402,-14914.4334555,,,,Ntsr1-Cre_GN220,490485142
-25260.0954191,-20717.4631626,,,,Rbp4-Cre_KL100,490558274
-43123.4739185,-41194.706998,-46174.0308261,-49242.5844543,-49240.5844543,Rbp4-Cre_KL100,490601284
-12748.1774411,-12846.1603978,,,,Rorb-IRES2-Cre-D,490612150
-38428.2551612,-37318.5824451,-42424.8931943,-47975.5049315,-47973.5049315,Rbp4-Cre_KL100,490612844
-25457.9764334,-25782.2815272,,,,Rorb-IRES2-Cre-D,490626718
-34971.3263504,-33965.3113119,,,,Rorb-IRES2-Cre-D,490626827
-29172.7391973,-27875.7742139,-33594.5617236,-41461.4012012,-41459.4012012,Ntsr1-Cre_GN220,490718897
-33249.0894863,-29269.0154519,,,,Rbp4-Cre_KL100,490733962
-22712.2962328,-16801.2685869,,,,Rbp4-Cre_KL100,490772223
-27611.8547679,-26556.7854396,,,,Rbp4-Cre_KL100,490779678
-28987.9258546,-23562.8367848,-35177.9950664,-32807.032517,-32805.032517,Rbp4-Cre_KL100,490790207
-37447.7694234,-36411.9768764,,,,Rbp4-Cre_KL100,490916882
-37457.5819866,-36766.0322625,-40586.9729093,-46011.3655165,-46009.3655165,Rbp4-Cre_KL100,490916919
-32301.0658225,-27441.5023689,,,,Rbp4-Cre_KL100,490931049
-28361.8860741,-24439.6077654,-33480.3542347,-34835.6995985,-34833.6995985,Rbp4-Cre_KL100,490982660
-29994.3676275,-32596.8893053,,,,Sst-IRES-Cre,491026389
-40786.217067,-41190.4737908,,,,Sst-IRES-Cre,491029832
-36885.9839375,-34994.935298,,,,Sst-IRES-Cre,491030723
-19453.7646797,-20025.127424,-27255.99388,-26330.7822412,-26328.7822412,Pvalb-IRES-Cre,491038812
-63138.429344,-64097.8866147,,,,Sst-IRES-Cre,497560724
-64646.5011003,-46598.3665026,,,,Rorb-IRES2-Cre-D,497583188
-32383.3304298,-27553.1615393,,,,Rorb-IRES2-Cre-D,497611660
-42242.3230519,-31672.5765701,-51664.9790788,-42536.2818771,-42534.2818771,Rorb-IRES2-Cre-D,500857324
-45817.020076,-37394.2939665,,,,Rorb-IRES2-Cre-D,500859045
-43186.0866633,-39016.7068092,,,,Pvalb-IRES-Cre,500879695
-51837.018267,-39045.7149766,,,,Rorb-IRES2-Cre-D,500894271
-45620.9443677,-39380.6788214,,,,Scnn1a-Tg3-Cre,500964358
-27625.8552267,-20039.1562095,,,,Scnn1a-Tg3-Cre,500964382
-46601.7802352,-50628.1025201,,,,Sst-IRES-Cre,500966656
-72133.2110588,-68327.2469335,,,,Rbp4-Cre_KL100,501014504
-30400.8573056,-26595.3196586,,,,Scnn1a-Tg3-Cre,501023852
-35930.5774324,-37516.2501111,,,,Sst-IRES-Cre,501280518
-64648.6611839,-69983.4444658,,,,Sst-IRES-Cre,501282204
-19811.4090502,-21916.9027137,,,,Ntsr1-Cre_GN220,501562903
-23961.9462656,-20132.283575,,,,Ntsr1-Cre_GN220,501566512
-52834.1435459,-49222.9889751,-50559.8775311,-70330.944275,-70328.944275,Vip-IRES-Cre,501570114
-71170.9706857,-82706.5407205,,,,Sst-IRES-Cre,501730497
-56780.9604571,-48431.2098585,,,,Vip-IRES-Cre,501736631
-29839.0545872,-22563.9528162,,,,Rorb-IRES2-Cre-D,501848315
-40300.5211854,-32759.2299677,,,,Ctgf-2A-dgCre,501891177
-58601.7752921,-42444.0664173,-72202.9686169,-57661.5505916,-57659.5505916,Rorb-IRES2-Cre-D,501895840
-51435.4956462,-55923.6624797,-59058.8702208,-48672.1147859,-48670.1147859,Ctgf-2A-dgCre,501940485
-44956.6058663,-30498.3703741,-54914.7973637,-39007.0038175,-39005.0038175,Rorb-IRES2-Cre-D,501951290
-27917.1943409,-20416.729343,,,,Ctgf-2A-dgCre,501956013
-49955.217886,-41027.7774798,,,,Rorb-IRES2-Cre-D,502120615
-62098.5454407,-55794.5115721,,,,Rorb-IRES2-Cre-D,502143149
-60787.4209122,-39922.1313014,,,,Rorb-IRES2-Cre-D,502144146
-63904.0809857,-59515.8946061,-62155.7166615,-72077.0581165,-72075.0581165,Nr5a1-Cre,502193385
-58752.6777024,-58305.64563,-58193.295429,-71776.8007475,-71774.8007475,Nr5a1-Cre,502245101
-40731.8580099,-32739.5205891,,,,Nr5a1-Cre,502260112
-39812.4198876,-29869.8492258,-43188.7432396,-44616.6360736,-44614.6360736,Nr5a1-Cre,502267531
-54354.1361857,-51575.0046645,,,,Nr5a1-Cre,502269786
-39495.9447259,-35344.5993857,,,,Ctgf-2A-dgCre,502366405
-54394.6002905,-59153.6638082,-63861.1968679,-61595.3041995,-61593.3041995,Sst-IRES-Cre,502382506
-50922.3019641,-45361.4689365,-52543.5000408,-55594.6692608,-55592.6692608,Rorb-IRES2-Cre-D,502574847
-31511.2560222,-24589.0423528,,,,Rorb-IRES2-Cre-D,502647640
-31820.7222708,-26858.1776501,,,,Ctgf-2A-dgCre,502665074
-44945.1983322,-29845.3875935,-51574.8045157,-42016.8830187,-42014.8830187,Cux2-CreERT2,502808270
-50116.8942383,-45250.2003818,,,,Rorb-IRES2-Cre-D,502873181
-68074.9357196,-57148.1426033,-68716.3430035,-71072.0334095,-71070.0334095,Rorb-IRES2-Cre-D,502887600
-50768.4281106,-49214.7978485,,,,Nr5a1-Cre,502978383
-33591.9618681,-21880.4352391,,,,Cux2-CreERT2,502999078
-43918.7143176,-45755.8683425,,,,Pvalb-IRES-Cre,503254105
-45171.9770812,-36052.3762048,,,,Ntsr1-Cre_GN220,503286448
-32881.3104048,-24754.9864499,,,,Ntsr1-Cre_GN220,503517607
-49097.0416744,-44603.2258624,-46014.9371557,-58540.5448608,-58538.5448608,Ntsr1-Cre_GN220,503814817
-27794.4377258,-24352.364424,,,,Htr3a-Cre_NO152,504120613
-25587.9665961,-23560.4672784,-25121.9895652,-30564.2843294,-30562.2843294,Cux2-CreERT2,504567071
-62125.8088006,-73224.9111216,-61982.0401536,-72657.9367256,-72655.9367256,Sst-IRES-Cre,504608602
-54952.2550857,-41143.8922222,-68117.6127056,-48486.694345,-48484.694345,Rorb-IRES2-Cre-D,504615116
-24818.2304931,-18580.8278685,,,,Ctgf-2A-dgCre,504635521
-40571.4827716,-30571.0379082,,,,Cux2-CreERT2,504643398
-56929.8674646,-44868.2598956,,,,Rorb-IRES2-Cre-D,504647603
-44731.2513808,-31514.5248551,,,,Cux2-CreERT2,505200218
-54160.1778929,-52166.7747059,,,,Cux2-CreERT2,505202906
-50109.193365,-40624.8076373,,,,Cux2-CreERT2,505476170
-43475.9451668,-36817.0229292,,,,Cux2-CreERT2,505512874
-40729.873525,-31637.1087531,,,,Nr5a1-Cre,505808144
-52932.6175992,-37882.8164061,,,,Scnn1a-Tg2-Cre,506777471
-52159.3275316,-39263.8992968,,,,Rorb-IRES2-Cre-D,507100117
-63946.6974533,-40014.159803,,,,Rorb-IRES2-Cre-D,507121819
-40540.9340618,-36045.2478203,,,,Scnn1a-Tg2-Cre,507770911
-35048.2758287,-29948.8494895,,,,Ntsr1-Cre_GN220,507914933
-62533.3017942,-62578.5500668,,,,Ntsr1-Cre_GN220,507918877
-41347.8907809,-34366.3010916,,,,Rbp4-Cre_KL100,507996688
-52125.870412,-53354.9390159,,,,Ntsr1-Cre_GN220,508275137
-47742.602936,-36665.3225033,,,,Rbp4-Cre_KL100,508566646
-25454.8498563,-22234.2067374,,,,Rbp4-Cre_KL100,508883033
-28712.6527111,-27005.5056699,,,,Rbp4-Cre_KL100,508887004
-59795.495728,-52421.8101482,-75193.6427539,-69268.619072,-69266.619072,Rbp4-Cre_KL100,508911693
-31998.4530122,-33939.7781264,,,,Ntsr1-Cre_GN220,508980706
-36005.0970742,-36245.3738749,,,,Ntsr1-Cre_GN220,508987256
-56853.3021193,-43342.3305296,-60519.1634825,-57438.4927656,-57436.4927656,Ntsr1-Cre_GN220,509003464
-44380.4545179,-40618.0353586,,,,Pvalb-IRES-Cre,509617624
-24924.4942635,-29485.0891098,,,,Vip-IRES-Cre,509620929
-59014.853885,-44930.568559,-80174.821151,-56232.9014995,-56230.9014995,Ctgf-2A-dgCre,509881736
-44440.928408,-32927.4175667,-47118.3152438,-38616.8495736,-38614.8495736,Ctgf-2A-dgCre,510106222
-36950.5570369,-29623.7355947,,,,Ctgf-2A-dgCre,510114363
-33020.6339829,-26990.316952,,,,Rorb-IRES2-Cre-D,510702728
-51985.458728,-43459.5673902,-59190.1563576,-52129.6634196,-52127.6634196,Ctgf-2A-dgCre,512322162
-35071.7899635,-28249.4882712,,,,Cux2-CreERT2,513510227
-61858.5353246,-56179.6834209,-67620.4515205,-68400.1190263,-68398.1190263,Cux2-CreERT2,513531471
-54507.6817352,-52071.1542152,-54706.7372326,-67997.4360045,-67995.4360045,Cux2-CreERT2,513593674
-38393.7867285,-27151.9862615,-48068.2691037,-36072.8317082,-36070.8317082,Scnn1a-Tg3-Cre,513832252
-28482.8585507,-22682.3191816,,,,Scnn1a-Tg3-Cre,513879001
-59427.2473325,-45574.7645464,,,,Nr5a1-Cre,514530024
-66587.7471716,-39072.0591285,,,,Nr5a1-Cre,514544971
-47985.2294891,-49003.9148559,,,,Vip-IRES-Cre,514767977
-26731.8433092,-23282.6672492,-33265.0617469,-32934.0156315,-32932.0156315,Htr3a-Cre_NO152,514824979
-58207.9790458,-43168.5437543,,,,Scnn1a-Tg3-Cre,515056927
-53357.0657295,-40461.2198059,-53707.4501089,-47592.2593287,-47590.2593287,Scnn1a-Tg3-Cre,515059388
-60838.7894337,-51947.3544819,,,,Scnn1a-Tg3-Cre,515199779
-55042.2774374,-38435.1251802,,,,Scnn1a-Tg3-Cre,515202564
-54776.606864,-47479.487608,,,,Rbp4-Cre_KL100,515249852
-79804.850546,-76738.0574589,,,,Vip-IRES-Cre,515264431
-48552.5611046,-47918.788593,-73307.0326613,-77387.0980877,-77385.0980877,Pvalb-IRES-Cre,515305346
-63541.6653288,-60188.6814643,-62195.9364844,-74818.477961,-74816.477961,Rbp4-Cre_KL100,515511110
-32838.5699707,-33253.9088257,,,,Rbp4-Cre_KL100,515524026
-62650.1457799,-47742.5840199,,,,Cux2-CreERT2,515949222
-34843.9960492,-30005.6038814,,,,Cux2-CreERT2,516906055
-53945.3634944,-42718.3881519,-53554.7991114,-51687.2266632,-51685.2266632,Cux2-CreERT2,516916566
-21393.3030857,-21891.6831697,,,,Ntsr1-Cre_GN220,517077548
-66168.7554482,-67192.7973455,,,,Cux2-CreERT2,517319635
-65765.2035709,-54507.0105515,,,,Scnn1a-Tg2-Cre,517645929
-54011.4639527,-49014.7117398,,,,Scnn1a-Tg2-Cre,517647182
-43896.8767146,-43307.28616,,,,Nr5a1-Cre,517752298
-34758.9618865,-23579.6935992,,,,Rorb-IRES2-Cre-D,517753911
-57703.78239,-47075.4420222,,,,Nr5a1-Cre,517977609
-43220.2511529,-32641.7299123,,,,Scnn1a-Tg2-Cre,517982558
-41715.2266842,-36891.377015,-42478.5603888,-48106.9190637,-48104.9190637,Scnn1a-Tg2-Cre,518238899
-40714.5937749,-29250.7579255,-50974.2554051,-41017.1944021,-41015.1944021,Scnn1a-Tg2-Cre,518271679
-41276.5494207,-29838.3739666,,,,Scnn1a-Tg2-Cre,518290966
-49749.8631187,-50200.5626689,,,,Chat-IRES-Cre-neo,518623704
-47911.2097827,-38522.4550581,-48768.7778653,-58366.3211737,-58364.3211737,Chat-IRES-Cre-neo,518750800
-53417.8002419,-48182.9420907,-58762.2442758,-72040.2626811,-72038.2626811,Chat-IRES-Cre-neo,519220630
-23751.3276522,-25382.0911369,-23638.2490806,-32247.0758416,-32245.0758416,Htr3a-Cre_NO152,519517188
-52754.589848,-52377.196841,-58655.7576406,-62317.1126003,-62315.1126003,Htr3a-Cre_NO152,519549081
-56067.1964178,-55883.6654718,,,,Htr3a-Cre_NO152,519749342
-41340.6879084,-50664.8100516,,,,Htr3a-Cre_NO152,519751607
-25125.5532345,-24476.5970171,,,,Vip-IRES-Cre,520347870
-47211.3451081,-35544.039476,,,,Cux2-CreERT2,521399472
-38825.8617035,-31633.5867778,,,,Cux2-CreERT2,521409057
-39370.544637,-34381.9877978,,,,Cux2-CreERT2,521625948
-27107.4410515,-21058.7879415,,,,Cux2-CreERT2,521938313
-63064.1371837,-44832.6209619,-68531.8433802,-59265.8818991,-59263.8818991,Cux2-CreERT2,521958756
-67792.5938382,-63663.0033696,,,,Htr3a-Cre_NO152,522108467
-25967.2903259,-20999.2442057,,,,Ntsr1-Cre_GN220,522147522
-34102.7727723,-37760.5719909,-31802.3776919,-44602.4298022,-44600.4298022,Ntsr1-Cre_GN220,522152249
-42080.776089,-39142.0504049,,,,Htr3a-Cre_NO152,522257166
-44460.5961728,-40270.4915987,,,,Htr3a-Cre_NO152,522408506
-45283.7341687,-40752.5399065,,,,Vip-IRES-Cre,522418855
-45584.9594818,-27594.7468583,-46097.2781259,-22713.6686393,-22711.6686393,Ctgf-2A-dgCre,522723828
-42301.8877597,-52029.2363095,-40194.1364651,-59466.3788424,-59464.3788424,Vip-IRES-Cre,523205934
-63209.361707,-70326.3055161,,,,Vip-IRES-Cre,523478821
-51400.1286557,-39235.75516,,,,Vip-IRES-Cre,523478869
-62912.2444399,-59130.7875169,,,,Vip-IRES-Cre,524689239
-67847.9878978,-55350.210523,-81533.947337,-69602.9350766,-69600.9350766,Vip-IRES-Cre,524693113
-61796.619813,-57519.1925422,-68645.5154255,-75119.71982,-75117.71982,Vip-IRES-Cre,524876305
-28735.1774731,-22953.003937,,,,Ndnf-IRES2-dgCre,526531616
-48414.5506422,-37737.841388,,,,Ndnf-IRES2-dgCre,526801742
-56362.9275699,-44836.3970828,,,,Ndnf-IRES2-dgCre,526939383
-45692.1684345,-40356.9433904,,,,Ndnf-IRES2-dgCre,526943222
-24549.7379411,-17336.9858206,,,,Ctgf-2A-dgCre,526946319
-66301.3620863,-59209.0751827,,,,Ctgf-2A-dgCre,526950199
-58430.4047519,-32618.377066,,,,Ctgf-2A-dgCre,526951157
-38437.3474059,-29307.2657778,,,,Ndnf-IRES2-dgCre,527089085
-46894.4468983,-38809.8626774,,,,Ndnf-IRES2-dgCre,527095729
-39554.7564692,-29541.997362,-44669.0825211,-47049.8266491,-47047.8266491,Ndnf-IRES2-dgCre,527464013
-51632.748948,-40665.9496833,-55215.4562127,-61868.1925448,-61866.1925448,Ndnf-IRES2-dgCre,527579814
-62974.7979336,-55151.406396,-61078.5278765,-72407.4429772,-72405.4429772,Ndnf-IRES2-dgCre,527869035
-43312.9458467,-32472.2774042,-50231.790354,-35132.6201212,-35130.6201212,Ctgf-2A-dgCre,528501887
-34663.5852069,-26050.2567132,,,,Ctgf-2A-dgCre,530204927
-39957.6375184,-35966.2735795,-36012.7905048,-46107.4583282,-46105.4583282,Ndnf-IRES2-dgCre,530235049
-66953.1953661,-55252.9129595,,,,Ctgf-2A-dgCre,530349764
-50931.5116692,-47719.4585226,,,,Vip-IRES-Cre,531121585
-70690.3340918,-79103.7526527,,,,Chat-IRES-Cre-neo,531342116
-60949.167311,-49198.5631325,-58007.8161879,-57426.1574444,-57424.1574444,Ctgf-2A-dgCre,532355382
-50861.1777504,-34623.6530537,,,,Ctgf-2A-dgCre,532571720
-55205.9533271,-52131.0744483,,,,Sst-IRES-Cre,534141324
-72853.408854,-57850.6308197,,,,Ctgf-2A-dgCre,534524026
-46437.4957355,-40747.6513302,,,,Vip-IRES-Cre,535728342
-19838.1111757,-18571.7404509,,,,Ntsr1-Cre_GN220,539742766
-51968.1871297,-53112.293472,,,,Chat-IRES-Cre-neo,553219924
-46439.3357101,-44452.3224561,,,,Chat-IRES-Cre-neo,553541110
-34137.3720129,-29183.7516036,,,,Nkx2-1-CreERT2,554807988
-66731.3512108,-67413.5638866,,,,Chrna2-Cre_OE25,555060623
-54546.4346525,-53898.0993207,,,,Chrna2-Cre_OE25,555251867
-57631.3886098,-64623.9783689,,,,Chrna2-Cre_OE25,555263276
-47352.7043731,-47134.5171152,-52088.7885464,-51313.0382589,-51311.0382589,Chrna2-Cre_OE25,555898896
-41970.3890476,-31271.954964,,,,Chrna2-Cre_OE25,556356342
-50665.7339294,-36546.4264117,,,,Chrna2-Cre_OE25,556363725
-45102.1885873,-43006.4119432,-45766.8489932,-50315.9678262,-50313.9678262,Chrna2-Cre_OE25,556369531
-55053.6914955,-52544.4475772,,,,Chat-IRES-Cre-neo,556968207
-51951.2258139,-45813.4110979,,,,Chat-IRES-Cre-neo,557261437
-48276.6526526,-47113.8028475,,,,Chat-IRES-Cre-neo,560889670
-61735.6514372,-59671.0982453,,,,Chat-IRES-Cre-neo,560924223
-46037.65439,-42777.5108163,,,,Nkx2-1-CreERT2,561325425
-51644.0177195,-51965.1417689,,,,Nkx2-1-CreERT2,561329890
-53242.5371766,-47753.6228523,,,,Nkx2-1-CreERT2,561517025
-52105.1025066,-42268.4377896,-45709.3681534,-54178.8347217,-54176.8347217,Nkx2-1-CreERT2,561519381
-49083.6377967,-41548.9097759,,,,Nkx2-1-CreERT2,561520050
-36896.9772529,-33742.9484856,-32181.6751492,-43270.0637435,-43268.0637435,Vip-IRES-Cre,561934585
-50714.9586332,-39851.1051068,,,,Chrna2-Cre_OE25,562381417
-58957.0773584,-61664.0158725,,,,Chrna2-Cre_OE25,562385794
-60112.7522833,-50780.3534822,-78049.9976963,-72670.9248372,-72668.9248372,Vip-IRES-Cre,562535995
-46177.5002486,-45121.1382918,,,,Nkx2-1-CreERT2,563373346
-38773.5446858,-32135.4871453,,,,Nkx2-1-CreERT2,563380422
-51963.787445,-51722.5257092,,,,Chat-IRES-Cre-neo,563535101
-49029.3803215,-41033.1286712,,,,Nkx2-1-CreERT2,563620254
-42989.0518396,-53236.5101024,-42920.9172717,-53204.7471384,-53202.7471384,Ndnf-IRES2-dgCre,564346637
-66712.412541,-62872.2235884,-76134.3692283,-79252.5161762,-79250.5161762,Ndnf-IRES2-dgCre,565778331
-46764.8965387,-38237.2372277,,,,Nkx2-1-CreERT2,566304697
-41736.9533819,-34689.4932687,-51997.8861167,-50994.6193521,-50992.6193521,Nkx2-1-CreERT2,566305266
-56535.2818238,-45723.4616884,,,,Chrna2-Cre_OE25,566460800
-51109.7503711,-55609.2837079,-71908.5942378,-68976.3533294,-68974.3533294,Chrna2-Cre_OE25,566463606
-35311.8572406,-35305.8833176,,,,Chrna2-Cre_OE25,566466395
-71049.0247652,-63480.9411835,,,,Chrna2-Cre_OE25,566517779
-63437.0590408,-47679.818769,,,,Nkx2-1-CreERT2,566541912
-59031.2917869,-52126.7704024,,,,Nkx2-1-CreERT2,566559909
-28385.7213072,-23761.4890924,-26315.1007858,-30075.5936404,-30073.5936404,Nkx2-1-CreERT2,566563603
-37624.4601201,-40582.7124048,-36819.9076346,-49454.6300058,-49452.6300058,Chrna2-Cre_OE25,566671538
-46710.3406503,-36298.3393484,,,,Nkx2-1-CreERT2,566673170
-25654.2009934,-22569.6374574,,,,Nkx2-1-CreERT2,566760952
-29585.7976443,-30411.3173602,-34629.1028512,-34752.8591253,-34750.8591253,Chrna2-Cre_OE25,566761793
-68738.1488749,-68116.5893564,,,,Chrna2-Cre_OE25,566991946
-64159.2245939,-59024.8369974,,,,Nkx2-1-CreERT2,567029686
-43488.3957027,-45428.1261689,-58071.6249941,-58326.4605498,-58324.4605498,Chrna2-Cre_OE25,567266985
-84586.9339716,-87760.6411324,,,,Chrna2-Cre_OE25,567320213
-36483.4366172,-34539.1685561,-43595.6809382,-40456.0376751,-40454.0376751,Chrna2-Cre_OE25,567354967
-43878.9059124,-35270.511542,-51692.4934446,-48350.2017969,-48348.2017969,Chrna2-Cre_OE25,567399060
-36089.5532234,-31417.6582081,,,,Chrna2-Cre_OE25,569469018
-48280.9261521,-46084.3877427,-48368.6267208,-57050.7247058,-57048.7247058,Chrna2-Cre_OE25,569477234
-25210.9472735,-19359.7852249,-25828.558892,-24283.0535078,-24281.0535078,Ndnf-IRES2-dgCre,569623233
-48965.7245499,-49176.8312116,,,,Chrna2-Cre_OE25,569653118
-28739.502818,-27294.8698125,,,,Chrna2-Cre_OE25,569664731
-63667.9941167,-65622.069968,,,,Chrna2-Cre_OE25,569670455
-44491.3242566,-33714.2037046,,,,Chrna2-Cre_OE25,569730838
-54125.1297131,-43524.0202312,-58545.1815841,-54245.2068308,-54243.2068308,Vip-IRES-Cre,569810649
-63796.5993894,-69844.0319851,,,,Chrna2-Cre_OE25,570010469
-58064.628828,-53017.8842093,,,,Chat-IRES-Cre-neo,570280138
-56919.584828,-57239.2142912,,,,Chat-IRES-Cre-neo,570438732
-37734.8758128,-40683.8888156,,,,Chat-IRES-Cre-neo,570459682
-33733.482516,-29183.3691917,-37865.5842743,-36659.6115191,-36657.6115191,Vip-IRES-Cre,570924514
-34595.6038131,-31797.3121247,,,,Chrna2-Cre_OE25,573105010
-40512.0474154,-35419.0392383,,,,Chat-IRES-Cre-neo,575774870
-55965.110895,-52938.1246051,,,,Chat-IRES-Cre-neo,577218818
-41755.033808,-41832.1789254,-43052.9795392,-53144.5753113,-53142.5753113,Chat-IRES-Cre-neo,577369606
-49654.3917083,-47952.822443,,,,Chat-IRES-Cre-neo,578774163
-56887.0965345,-44901.4552026,-56601.2783105,-61984.4215549,-61982.4215549,Ndnf-IRES2-dgCre,579611597
-65787.6496832,-57458.1661312,-68468.9626589,-73933.5304395,-73931.5304395,Ndnf-IRES2-dgCre,579981789
-47946.656511,-42162.7912056,-44475.3167711,-50744.2228679,-50742.2228679,Nkx2-1-CreERT2,580537822
-53089.7679902,-55835.0950964,-62709.0138355,-57239.0124169,-57237.0124169,Chrna2-Cre_OE25,580895033
-35231.3109541,-32738.5291267,,,,Nkx2-1-CreERT2,581020172
-24645.8276839,-23456.4404027,-38663.0243485,-37403.6349604,-37401.6349604,Nkx2-1-CreERT2,581058351
-61651.6894802,-51549.7999442,,,,Nkx2-1-CreERT2,581058864
-60543.5993144,-52148.2540343,-54939.4517667,-63786.2060624,-63784.2060624,Nkx2-1-CreERT2,581138223
-56864.4051458,-54773.38458,,,,Nkx2-1-CreERT2,581153862
