aic_LIF	aic_LIFASC	aic_LIFR	aic_LIFRASC	aic_LIFRASCAT	cre	specimen_id
-30832.5665481	-30646.9775072				Rorb-IRES2-Cre-D	313860745
-25820.6495339	-26470.1415908				Pvalb-IRES-Cre	313861608
-32122.2412211	-32106.6375836	-31881.7068274	-32144.4949157	-31798.4724331	Rorb-IRES2-Cre-D	313861677
-33092.4232959	-33295.9476977	-33452.9536065	-33590.296907	-34011.5383403	Scnn1a-Tg3-Cre	313861794
-31996.8905325	-31793.5633723				Scnn1a-Tg3-Cre	313861828
-28599.4423116	-29669.5070291	-27270.2642386	-29697.0106597	-29466.5542542	Sst-IRES-Cre	313862134
-29684.1715646	-30056.2272612	-27749.8803406	-31309.4353943	-31254.0419787	Sst-IRES-Cre	313862167
-30431.216858	-30448.6938504	-31526.9615429	-31557.4091207	-30738.5276645	Sst-IRES-Cre	313862274
-32119.8002852	-32265.6156593				Rorb-IRES2-Cre-D	314529406
-31267.9500274	-30984.3413508				Rorb-IRES2-Cre-D	314617802
-31681.4393014	-31597.3798777	-30851.9789992	-31928.2793045	-31730.1398332	Rorb-IRES2-Cre-D	314642645
-31608.0381094	-32247.8387403	-30185.188603	-32201.9000279	-32147.102111	Rorb-IRES2-Cre-D	314800921
-30662.5901989	-30412.1803347	-28604.1293826	-30711.619171	-31662.5069774	Rorb-IRES2-Cre-D	314822529
-32198.9481099	-32149.8486574				Scnn1a-Tg3-Cre	314900022
-26149.2973736	-27729.0890997	-25611.4768933	-27621.5861075	-27441.3462372	Pvalb-IRES-Cre	318556138
-31598.3040913	-31701.045007	-31798.9922415	-32173.7092438	-32260.0552235	Nr5a1-Cre	318733871
-30197.6896117	-30806.1689299				Nr5a1-Cre	318808427
-29432.3506027	-31389.4082763	-28474.0628881	-31535.790527	-31306.6585056	Scnn1a-Tg3-Cre	320207387
-29850.1715012	-30217.3360352				Pvalb-IRES-Cre	320455763
-34776.2355649	-34778.1157681	-33570.1982612	-34713.1696157	-34854.3966831	Rorb-IRES2-Cre-D	320639930
-34241.4855862	-33735.2375433	-33767.2131919	-33586.5652652	-33965.1962242	Scnn1a-Tg2-Cre	320668841
-34610.9767509	-34587.6952293	-35010.9532743	-34630.185198	-34961.9747666	Scnn1a-Tg3-Cre	320836481
-14103.4676922	-12742.0456761				Pvalb-IRES-Cre	321707905
-35146.5607203	-35581.9380917	-35415.1946386	-35839.4202386	-35937.2432104	Nr5a1-Cre	321893798
-35086.4559042	-35963.5894803				Nr5a1-Cre	321923492
-31568.0905282	-31076.3937573	-31208.8265621	-30775.723823	-30971.9604902	Sst-IRES-Cre	322197160
-34041.2894528	-33887.0517018	-33969.8263302	-33278.2129571	-33651.6982499	Sst-IRES-Cre	322197295
-33742.6302698	-32899.320701	-33033.0727683	-33769.7021913	-33764.6241995	Sst-IRES-Cre	322229594
-33546.919383	-33567.5264179	-33108.3986378	-33660.0293276	-33719.0342834	Sst-IRES-Cre	322246422
-34663.8886941	-34311.3975128	-32663.6842155	-35136.2652514	-35574.1121598	Ntsr1-Cre_GN220	322297406
-34427.644151	-34479.4470023	-33788.2999419	-34589.4051451	-34703.0756129	Rorb-IRES2-Cre-D	322723785
-34214.2966221	-34280.4552006				Rorb-IRES2-Cre-D	322761772
-32150.1647542	-32859.6644425				Ntsr1-Cre_GN220	322762730
-33749.0556924	-34516.6729094				Ntsr1-Cre_GN220	322781822
-32474.3859151	-33832.4574705				Sst-IRES-Cre	323452245
-34651.2908565	-33541.6266689				Scnn1a-Tg3-Cre	323777372
-32279.8220168	-34665.1090401	-31720.2977244	-32527.064469	-32683.1469761	Scnn1a-Tg3-Cre	323834998
-33599.1419756	-34278.5985826	-32464.7960033	-34045.2162617	-34272.5084483	Scnn1a-Tg3-Cre	323838579
-33208.371859	-33081.1456561	-33580.1776818	-32941.0138433	-32984.1031482	Rorb-IRES2-Cre-D	324025297
-35894.7105601	-35566.0455777	-35891.5435385	-35408.6607785	-36376.5750074	Rorb-IRES2-Cre-D	324032509
-34584.9558022	-34520.6475205	-34569.1217014	-34616.3872189	-34770.1925251	Rorb-IRES2-Cre-D	324053519
-32752.8240447	-33454.8108404	-31744.5693212	-33940.3514179	-34088.7350278	Rorb-IRES2-Cre-D	324065524
-33710.0764967	-33273.9759328				Sst-IRES-Cre	324266189
-33817.5891453	-33430.3636297	-34084.3888665	-34237.5478767	-33705.8268558	Sst-IRES-Cre	324466858
-34736.5331435	-34006.9911159	-33660.8895221	-34503.4566822	-34175.8319236	Sst-IRES-Cre	324493977
-34157.5448887	-34937.1974716				Scnn1a-Tg2-Cre	325480372
-34955.5504947	-34883.3518075	-35404.8553777	-34869.5557916	-34942.7153411	Rbp4-Cre_KL100	325853048
-33211.491836	-32524.2898747				Rbp4-Cre_KL100	325919795
-32123.484294	-34354.4966968				Htr3a-Cre_NO152	326734770
-35846.4926913	-35297.5844439	-35826.8245944	-35508.0551919	-35526.8655685	Htr3a-Cre_NO152	326774520
-31450.4558479	-31784.6542372				Htr3a-Cre_NO152	327566447
-31164.5383449	-31771.9049246				Htr3a-Cre_NO152	327644217
-30545.1221341	-34249.6840542	-28231.0465624	-34225.5822852	-34238.2084531	Htr3a-Cre_NO152	327648537
-28746.5426731	-33319.7100216	-24158.9446315	-33658.8553889	-33510.2048715	Htr3a-Cre_NO152	327679841
-32521.3385977	-34415.4110234				Htr3a-Cre_NO152	327706437
-32967.0888664	-33258.852747				Htr3a-Cre_NO152	327962063
-33698.7435096	-33777.492027	-33384.115942	-33371.0189881	-33547.8008103	Sst-IRES-Cre	328015342
-32941.8529863	-33200.2340851	-33542.1728951	-33613.3664492	-33826.8956258	Sst-IRES-Cre	328031983
-34176.6292161	-34018.0850933	-35196.1883413	-34159.1909498	-34282.1360657	Sst-IRES-Cre	328535908
-34868.7005625	-35017.2088724				Sst-IRES-Cre	328549885
-34820.5749642	-35185.8956764				Sst-IRES-Cre	328876201
-31948.3796654	-32521.7880363	-31792.4717592	-32530.978253	-32719.9834355	Sst-IRES-Cre	329224678
-34053.0971316	-34365.2392036				Sst-IRES-Cre	329241587
-29362.1619721	-31320.4053018				Sst-IRES-Cre	329254830
-35832.8684689	-36139.595707				Rorb-IRES2-Cre-D	329550277
-34996.0986	-34940.0658192				Rorb-IRES2-Cre-D	329557305
-32289.1053545	-36339.1355261				Pvalb-IRES-Cre	330080937
-32430.0516564	-32864.8894411				Pvalb-IRES-Cre	333785935
-28103.2704148	-28851.0161394				Pvalb-IRES-Cre	336676216
-34101.2303325	-35882.2151609				Pvalb-IRES-Cre	341016267
-32515.2949856	-32439.1105321				Pvalb-IRES-Cre	341442651
-32932.1989573	-35439.3956464				Pvalb-IRES-Cre	341459814
-39693.2919123	-38978.9620684				Scnn1a-Tg2-Cre	354190013
-38469.4501015	-38860.23633				Nr5a1-Cre	354833767
-39174.5742406	-39551.4436512				Nr5a1-Cre	367567889
-38811.4598448	-38739.1643395				Nr5a1-Cre	369697038
-39201.0029347	-39511.306509				Nr5a1-Cre	370351753
-37943.8817465	-39320.3770049				Nr5a1-Cre	382982932
-38910.5393512	-38332.2065479				Nr5a1-Cre	386049446
-38384.33949	-37833.2958522				Nr5a1-Cre	386970660
-39244.7098725	-39239.9049035				Scnn1a-Tg3-Cre	395785266
-39187.262378	-39146.9077067				Scnn1a-Tg3-Cre	395830185
-39743.2962685	-40011.5978514				Nr5a1-Cre	397348126
-41684.84123	-41199.1996547				Nr5a1-Cre	397353539
-41200.7077619	-41687.8174494				Nr5a1-Cre	397354239
-37216.0519613	-37061.6755141				Nr5a1-Cre	422055317
-39658.4981478	-40050.6350009	-39801.5153656	-40064.0918231	-39873.3682396	Nr5a1-Cre	422738880
-37907.2615699	-36935.8435222	-36752.3410635	-38204.9261857	-38223.8901889	Scnn1a-Tg2-Cre	464079491
-36581.1350797	-38886.3163119	-34808.6301572	-38871.1494946	-38898.8020936	Htr3a-Cre_NO152	464188580
-37628.2366661	-38450.6292312				Htr3a-Cre_NO152	464191630
-30574.9374138	-29688.6179338				Sst-IRES-Cre	464198958
-29386.646726	-30420.3494887	-28854.082972	-30526.2256424	-30538.2650822	Sst-IRES-Cre	464212183
-31578.7455509	-31566.6552823	-30951.0204335	-31734.7622645	-31818.3448338	Nr5a1-Cre	465924786
-37575.7800252	-36663.3593332				Rorb-IRES2-Cre-D	466378900
-32150.1647542	-32859.6774287				Ntsr1-Cre_GN220	466632464
-38893.0327072	-38295.8277505				Sst-IRES-Cre	466664172
-32284.9291136	-34496.997639	-30328.2843197	-34253.4861757	-34404.0499063	Rorb-IRES2-Cre-D	467003163
-36927.6460176	-38153.0156183				Rorb-IRES2-Cre-D	467357834
-38712.962711	-38916.3715463				Scnn1a-Tg2-Cre	467703703
-37901.7810702	-38458.7255251				Scnn1a-Tg2-Cre	467831649
-38512.5152665	-38703.5661603	-37687.8995807	-38512.4548599		Scnn1a-Tg3-Cre	468120757
-34600.160078	-38014.9690132				Pvalb-IRES-Cre	469614747
-36388.3706672	-38276.6257783	-34069.4460106	-38466.4618112	-38497.5479237	Nr5a1-Cre	469704261
-39003.6893254	-38946.2193257				Nr5a1-Cre	469734859
-34608.2754488	-37462.8882472	-32995.5873054	-37544.6924485	-37423.191933	Htr3a-Cre_NO152	469753383
-39251.5801431	-38580.0533317				Rorb-IRES2-Cre-D	469763389
-38371.2080959	-38576.6339691				Scnn1a-Tg3-Cre	469793303
-39684.9981157	-38146.3428506				Scnn1a-Tg3-Cre	469800845
-26613.4070739	-28296.3299277				Pvalb-IRES-Cre	469801569
-39451.9223679	-39377.5670144				Scnn1a-Tg3-Cre	469803003
-39940.4143431	-40506.4256649	-40170.6623627	-40562.6484016	-40455.8480686	Scnn1a-Tg3-Cre	469803127
-37421.0790626	-37533.4926294	-35681.6345661	-37815.6081916	-37653.043637	Scnn1a-Tg3-Cre	469832490
-38390.1160137	-38413.1108854				Scnn1a-Tg3-Cre	469864405
-38392.1608102	-38996.3370688				Scnn1a-Tg3-Cre	470098860
-33593.0121162	-35665.7024668	-31113.0424503	-33960.8301273	-33518.117443	Pvalb-IRES-Cre	471087830
-37608.6571588	-38879.7628883	-36278.7317338	-38612.9406883	-39067.0682802	Rbp4-Cre_KL100	471129934
-37943.049928	-36873.7722891	-36488.4073236	-37551.860082	-37517.7003231	Rbp4-Cre_KL100	471131311
-36948.6734317	-37113.7464318	-30880.7292721	-37311.2379752	-37367.6256747	Rbp4-Cre_KL100	471141261
-37268.4755231	-39112.1853845				Ntsr1-Cre_GN220	471789504
-35837.5700011	-37015.1590763				Ntsr1-Cre_GN220	471800189
-37482.1110321	-38881.8954887	-36100.4546916	-40217.4386165	-39441.8916883	Ntsr1-Cre_GN220	471819401
-40919.8132929	-40205.166156	-40871.7246998	-40189.4857778	-40187.1548294	Sst-IRES-Cre	473011949
-37544.8086464	-37971.5349679	-37480.6378381	-37695.1004347	-37472.3722478	Rorb-IRES2-Cre-D	473020156
-35287.1180721	-36848.3205452				Sst-IRES-Cre	473564515
-34794.0694812	-35424.896565	-33551.8534819	-34111.9789179	-34168.4037221	Sst-IRES-Cre	473593847
-39726.191125	-40130.9142752	-38483.9630783	-40376.0424108	-40468.6386877	Rorb-IRES2-Cre-D	473642382
-35850.7739907	-37102.7546935	-35143.9382901	-36720.6640021	-37596.9505041	Htr3a-Cre_NO152	473909767
-34456.1172625	-37990.373254				Htr3a-Cre_NO152	473943881
-37194.5503106	-37576.4210451				Htr3a-Cre_NO152	473951795
-36970.5785159	-36518.9267248				Htr3a-Cre_NO152	474267418
-38582.9892172	-38515.0375482				Htr3a-Cre_NO152	474626527
-32754.7611324	-38453.6438427	-29891.0652518	-38300.4869667	-38278.7854166	Htr3a-Cre_NO152	474637203
-34783.6892886	-38150.6445682				Htr3a-Cre_NO152	474652473
-37708.7337249	-37548.034909	-38271.8761787	-38455.4632291	-38359.6214733	Sst-IRES-Cre	475057898
-40034.3049921	-40392.0762486	-38936.3718203	-40413.0899206	-41347.0312571	Rbp4-Cre_KL100	475400072
-31528.2024164	-33437.1266244				Sst-IRES-Cre	475512108
-37300.5379877	-37674.1451021	-38164.7067844	-37788.1513338	-38013.8683107	Sst-IRES-Cre	475517090
-39623.4195895	-38332.9314234	-39623.4543485	-38001.899364	-38079.8492247	Sst-IRES-Cre	475542907
-36444.6534705	-36655.6893917	-36155.217446	-37741.0854355	-37472.8129017	Sst-IRES-Cre	475580568
-34178.4996128	-38011.916869	-31025.0113735	-38120.2973926	-38120.507063	Htr3a-Cre_NO152	475585413
-36374.2075291	-37204.8160172	-35821.4066208	-36957.0390033	-37016.3390811	Htr3a-Cre_NO152	475586130
-35512.1093641	-35857.1075129	-35666.3934282	-36009.9921669	-37000.264201	Htr3a-Cre_NO152	475619045
-37687.8515229	-38151.7615868	-36028.5328773	-38634.3742942	-38850.507487	Htr3a-Cre_NO152	475622680
-32269.3007291	-37565.6056286	-31419.8184012	-37455.7466676	-37566.2151242	Htr3a-Cre_NO152	475622793
-37829.7275824	-38582.0931775	-37927.1571275	-38946.4723881	-38891.5839863	Htr3a-Cre_NO152	475625477
-37232.8692823	-37917.6996692	-37266.4366759	-37519.0165791	-37808.9005771	Htr3a-Cre_NO152	475740357
-38472.5542971	-37871.5141386				Scnn1a-Tg2-Cre	475751758
-37944.8506365	-39923.2062345	-36639.9527508	-39781.4190354	-39607.3350895	Nr5a1-Cre	475838754
-40636.013129	-39874.4541464				Rorb-IRES2-Cre-D	475848827
-34226.6782958	-35309.3416416	-30712.7367423	-35423.2500208	-35531.4361097	Pvalb-IRES-Cre	475894121
-37721.675856	-37917.5328413	-33828.6259768	-37349.0769392	-37019.0063515	Pvalb-IRES-Cre	475895240
-41323.3589151	-40709.5311453				Rorb-IRES2-Cre-D	476048909
-40730.7528391	-40673.0769539				Rorb-IRES2-Cre-D	476053392
-39016.0276937	-38474.8958085				Scnn1a-Tg2-Cre	476054829
-37177.5596014	-36846.8561932				Scnn1a-Tg2-Cre	476056333
-34977.9889681	-35432.0201548				Sst-IRES-Cre	476093220
-36702.2689019	-38037.2905348				Sst-IRES-Cre	476099282
-38002.5010267	-37910.0350937	-38078.8246984	-38228.7561607	-38361.9382712	Sst-IRES-Cre	476100382
-31456.197356	-35054.4229476				Sst-IRES-Cre	476104386
-40119.728706	-39515.9300929				Scnn1a-Tg3-Cre	476129135
-39323.7211465	-39565.7230612	-39503.1626307	-38950.1308587	-39059.2902669	Scnn1a-Tg3-Cre	476131588
-40132.8193078	-40380.8714914	-39307.7001158	-40158.4563269	-40602.4274789	Scnn1a-Tg3-Cre	476178907
-39382.8918908	-39853.7971551				Scnn1a-Tg3-Cre	476218657
-37010.9852834	-38669.3186289	-35945.6377735	-38982.5875924	-39841.2431752	Scnn1a-Tg3-Cre	476263004
-37191.186319	-38130.328377				Scnn1a-Tg3-Cre	476266853
-37835.8862443	-37931.2889738	-37832.8267984	-37918.6457819	-38265.3971223	Scnn1a-Tg3-Cre	476269122
-39741.6044674	-39252.8186541				Nr5a1-Cre	476452460
-38470.2795983	-38082.0410879				Nr5a1-Cre	476457450
-39645.6630677	-40009.7798129	-38236.5699023	-39983.8063921	-39977.0603927	Scnn1a-Tg3-Cre	476557750
-43411.8821352	-42076.8585843	-41464.8004523	-42061.2412034	-42423.713426	Rorb-IRES2-Cre-D	476562817
-35740.2376495	-37182.5988503				Rorb-IRES2-Cre-D	476615310
-38426.8356591	-37469.2849476	-38625.2548756	-38291.8458578	-38391.71186	Sst-IRES-Cre	476686112
-37524.9656225	-36520.9949607				Sst-IRES-Cre	476753465
-27933.3862315	-28558.4278099				Sst-IRES-Cre	476764144
-40579.9053841	-40489.1579799				Rorb-IRES2-Cre-D	476823462
-35300.98929	-37920.9963318	-33305.8177623	-37384.4055078	-36959.5004105	Pvalb-IRES-Cre	477490421
-34045.6404463	-39008.053373	-33283.2261465	-38618.9477467	-38906.3990262	Htr3a-Cre_NO152	477879512
-40897.3405554	-40290.8105949				Htr3a-Cre_NO152	477880128
-34527.3776779	-38809.3548421				Htr3a-Cre_NO152	477991293
-36185.5091375	-39752.7981795	-35022.5688586	-40124.9070034	-40119.4523311	Pvalb-IRES-Cre	478058328
-38301.7733839	-37690.5731295	-37636.6031476	-37374.7517899	-37372.5367647	Htr3a-Cre_NO152	478107198
-37198.7346413	-36805.9567348				Htr3a-Cre_NO152	478110866
-39482.4509315	-39571.1509002				Sst-IRES-Cre	478396248
-38097.8752014	-38793.4449232				Sst-IRES-Cre	478412623
-38273.3064774	-38613.2881801				Nr5a1-Cre	478439166
-37867.2779628	-38328.6750816	-37480.0010094	-38404.5124123	-38443.1038693	Nr5a1-Cre	478447600
-37892.4984988	-37684.8414253	-37922.429591	-37598.2868483	-38110.1562287	Rorb-IRES2-Cre-D	478498617
-39152.976363	-39118.7872508				Rorb-IRES2-Cre-D	478499902
-36451.1352523	-38439.6733389				Rorb-IRES2-Cre-D	478586295
-36496.2644518	-37885.2861615				Rorb-IRES2-Cre-D	478586425
-37946.6825164	-37716.5462391				Sst-IRES-Cre	478716304
-30815.3043104	-32291.356061				Pvalb-IRES-Cre	478793814
-32030.4815295	-33161.3716631	-31796.1272942	-32920.8919063	-32707.3641204	Pvalb-IRES-Cre	478949560
-34550.4985052	-38123.7598389	-32108.5361769	-36962.7424366	-36612.0833112	Pvalb-IRES-Cre	478958894
-38899.4212955	-38333.2607472				Rbp4-Cre_KL100	479150681
-38446.7155928	-38738.6581882	-37794.709245	-38832.9122151	-38900.5619446	Rorb-IRES2-Cre-D	479179020
-34284.5069277	-37310.9788653				Htr3a-Cre_NO152	479218494
-37464.2405385	-37387.1553865				Htr3a-Cre_NO152	479219923
-34699.6750294	-37745.2419429				Htr3a-Cre_NO152	479220013
-38724.6771742	-38121.2759671				Rorb-IRES2-Cre-D	479225052
-38119.3456962	-37760.667371	-37547.2409006	-37597.2121761	-37596.3694159	Rorb-IRES2-Cre-D	479225080
-38172.4862292	-37971.8434592				Rorb-IRES2-Cre-D	479225294
-31111.8569931	-33452.6480477				Pvalb-IRES-Cre	479298854
-39238.9162531	-39123.5136229	-38318.6752449	-39216.9543236	-39157.3224894	Scnn1a-Tg3-Cre	479415457
-39361.9527383	-39906.3142205				Rorb-IRES2-Cre-D	479492633
-38471.940787	-39632.4690074	-37963.4197093	-39633.9456826	-39654.4107759	Rorb-IRES2-Cre-D	479508018
-38649.6537209	-38992.9563947				Rbp4-Cre_KL100	479711015
-41118.3077938	-40442.078054	-39832.9985218	-41268.0159002	-41343.3515996	Rbp4-Cre_KL100	479721491
-39347.9368713	-37915.1348993	-37352.858999	-38104.0036138	-38196.2966583	Rbp4-Cre_KL100	479722622
-38729.1371975	-38766.3954273	-36605.2039818	-38891.3156937	-39826.8801277	Rorb-IRES2-Cre-D	479766169
-40842.8525827	-40459.4093095	-41444.6743014	-40355.2068064	-40470.9847027	Rorb-IRES2-Cre-D	480087928
-38607.739278	-37790.4735265				Rorb-IRES2-Cre-D	480122859
-38034.9377231	-40057.4109747				Rorb-IRES2-Cre-D	480124551
-41878.0057762	-41500.9078344	-41096.6697522	-41764.9439708	-41656.4064996	Rorb-IRES2-Cre-D	480169178
-39847.8158546	-39635.4203219	-39962.7973837	-40065.8112296	-40035.2488213	Rorb-IRES2-Cre-D	480171386
-37246.9720532	-37550.483058	-37441.3066287	-38223.9950047	-37696.7820225	Rorb-IRES2-Cre-D	480268803
-39710.5232596	-39117.046181	-38760.1277266	-39058.3763802	-38972.2607882	Rorb-IRES2-Cre-D	480273887
-37909.569097	-37139.7664201	-37605.1448614	-36986.0756214	-36856.5246135	Rorb-IRES2-Cre-D	480351780
-37655.9852616	-37209.7959892	-36569.3117678	-37893.3117497	-37875.9120558	Rorb-IRES2-Cre-D	480353286
-39007.3922953	-39468.855111	-38615.8175293	-39305.7745271	-39684.4216757	Rorb-IRES2-Cre-D	480643417
-38647.9704271	-38707.8780775	-39059.1488236	-38882.7743359	-38819.982579	Scnn1a-Tg2-Cre	480647923
-40395.2487983	-40353.4871029				Rorb-IRES2-Cre-D	480648382
-40993.9765654	-41371.7125902				Rorb-IRES2-Cre-D	480705931
-38850.1173857	-39643.8736011				Rbp4-Cre_KL100	480718588
-33312.7651933	-33874.1448861				Pvalb-IRES-Cre	480735016
-39454.1778305	-39518.4821515				Rorb-IRES2-Cre-D	480778441
-29527.4192455	-32927.657971				Pvalb-IRES-Cre	480952106
-36028.0279283	-36390.0066948	-35710.7271753	-37608.4553373	-37678.9373805	Htr3a-Cre_NO152	480999763
-36499.1559473	-38448.5651154	-35384.7293825	-38988.8126085	-39485.519971	Htr3a-Cre_NO152	481003593
-35083.1624204	-39422.031143				Htr3a-Cre_NO152	481003643
-31173.9233962	-36573.2527996				Htr3a-Cre_NO152	481004298
-30961.6515461	-31717.1676804				Pvalb-IRES-Cre	481017021
-33218.3721995	-35528.5489926	-31080.7558106	-35920.8807336	-35769.9487728	Pvalb-IRES-Cre	481018305
-34814.004323	-35465.6859047				Pvalb-IRES-Cre	481093525
-34647.7852429	-37019.2511694	-32358.2382772	-36761.0093619	-36319.2433975	Pvalb-IRES-Cre	481127173
-35783.0496196	-38077.1433469				Pvalb-IRES-Cre	481127348
-34819.0999729	-38648.5960603	-32994.8136699	-38690.5358804	-38645.7515254	Htr3a-Cre_NO152	481136214
-37007.5317794	-38268.2712207				Htr3a-Cre_NO152	482435718
-34439.6005585	-36674.7458006				Pvalb-IRES-Cre	482444444
-36182.3938165	-37573.9121975	-36378.5261208	-36525.2016962	-38279.1502996	Htr3a-Cre_NO152	482516216
-28935.585416	-30170.0602216	-29340.4102653	-30911.6657625	-31199.836672	Pvalb-IRES-Cre	482516631
-36396.0828854	-37895.1038184				Htr3a-Cre_NO152	482521571
-34713.476102	-37998.302021				Htr3a-Cre_NO152	482649712
-32095.919026	-36649.7429128	-30218.6154747	-36659.7176847	-36547.998031	Htr3a-Cre_NO152	482654108
-35547.1246787	-36220.0911502				Sst-IRES-Cre	482690728
-39111.5127753	-39014.119693				Nr5a1-Cre	482726727
-40090.2770979	-39434.9897713	-39508.5672043	-39440.5549828	-40005.0899624	Htr3a-Cre_NO152	482764620
-34823.0807872	-37587.6602496	-33497.9961169	-38462.2646337	-38653.2824295	Htr3a-Cre_NO152	482772037
-35069.5253829	-37689.0670946				Htr3a-Cre_NO152	482773968
-39974.5226794	-38683.7313655	-38684.6687261	-39549.2091135	-39861.8767307	Nr5a1-Cre	482809953
-38548.9383605	-38460.6684391				Cux2-CreERT2	483018019
-38284.3288007	-39425.7004695				Nr5a1-Cre	483027960
-37276.7307611	-38560.1512846				Cux2-CreERT2	483057325
-36980.723544	-36056.8396051	-37293.1942692	-36551.9722971	-36406.2255626	Sst-IRES-Cre	483083617
-40320.9396642	-39851.4090279				Rorb-IRES2-Cre-D	483091812
-41690.1545574	-41707.5967418				Cux2-CreERT2	483099796
-37926.2018682	-37490.1886318	-35216.9370613	-38264.6143943	-39261.1097851	Cux2-CreERT2	483101699
-37149.818943	-37376.2794479				Cux2-CreERT2	484509440
-37190.0595231	-39617.9557574	-35218.1046996	-39024.9757973	-39007.6848423	Cux2-CreERT2	484515166
-34704.5423423	-37948.3689119	-33820.6361993	-37728.2871835	-37267.4377581	Pvalb-IRES-Cre	484635029
-38356.9773099	-38581.6465776	-37712.2139754	-38331.4681554	-38315.9182924	Rorb-IRES2-Cre-D	484679812
-38758.2126835	-38475.8066322	-38159.0791332	-38394.672082	-38473.3643376	Scnn1a-Tg2-Cre	484737013
-37380.8852114	-37362.9809707				Scnn1a-Tg2-Cre	484738748
-34925.1007807	-37531.5422828	-32564.3305519	-37526.0728175	-37475.0727335	Pvalb-IRES-Cre	484742372
-32241.749517	-32562.8731177				Pvalb-IRES-Cre	484744672
-38251.4549895	-38912.5105613				Rorb-IRES2-Cre-D	484770879
-38111.2505219	-38567.0736961				Sst-IRES-Cre	485058595
-30808.7902252	-33723.0845089				Sst-IRES-Cre	485061364
-35354.8754295	-36411.7054387				Pvalb-IRES-Cre	485184849
-39250.6134965	-39784.5170881				Sst-IRES-Cre	485287282
-36899.1929246	-38694.928572				Ntsr1-Cre_GN220	485287944
-38421.8924003	-38797.2380019	-36993.7392396	-39169.4489681	-40064.8437709	Ntsr1-Cre_GN220	485339983
-34991.1859924	-36063.6931914				Sst-IRES-Cre	485455285
-35743.4581881	-38274.3353296	-35957.4435225	-39175.4570404	-38964.7817321	Sst-IRES-Cre	485466109
-41598.574368	-41358.8131492	-42388.1909967	-41464.0795397	-41468.8106747	Nr5a1-Cre	485468180
-37406.7936166	-36679.3757408				Nr5a1-Cre	485570335
-40597.5465095	-39999.7646421				Nr5a1-Cre	485570372
-36750.1043227	-35614.9975612	-36383.4720379	-35814.3340742	-36174.1443771	Rbp4-Cre_KL100	485574721
-38194.0499839	-37570.1364858	-34976.0885458	-38166.5331431	-37602.1585503	Rbp4-Cre_KL100	485574832
-39258.0272059	-39764.0254148	-38012.000774	-39576.4597608	-39565.8691684	Rbp4-Cre_KL100	485577686
-38470.1849186	-38338.509667	-35762.0062152	-39433.8316665	-38883.3842305	Rbp4-Cre_KL100	485578197
-41159.2148489	-41431.2707387	-39947.9633374	-41568.7678601	-41537.6301058	Rbp4-Cre_KL100	485579168
-38022.9492842	-38266.3880635	-36816.2393232	-38751.0661806	-38730.7458897	Rbp4-Cre_KL100	485608017
-37575.6061291	-36409.9919531				Rbp4-Cre_KL100	485610263
-37165.7843042	-36829.562909	-34874.6327844	-37182.9332701	-37600.4554362	Rbp4-Cre_KL100	485835016
-37305.9666892	-38220.6098932				Rorb-IRES2-Cre-D	485836906
-40491.1671252	-39754.8025423	-40426.5207175	-40056.0827749	-40743.0958891	Rorb-IRES2-Cre-D	485837504
-36686.9545019	-36307.0086483	-34022.3396549	-37127.1916136	-37009.6934785	Rbp4-Cre_KL100	485838981
-38015.557915	-37084.2757411	-35447.273088	-37806.3775036	-37904.3948602	Rbp4-Cre_KL100	485880739
-39204.0905915	-39072.1169962	-38769.327948	-39773.8051716	-39687.1030629	Rorb-IRES2-Cre-D	485884503
-38762.009029	-38658.9365916				Rorb-IRES2-Cre-D	485889190
-37441.6322067	-37939.3134366	-35332.8930166	-37447.3381415	-37691.5074089	Ntsr1-Cre_GN220	485905411
-40719.1543148	-40279.0428715				Cux2-CreERT2	485912047
-38336.0822852	-38613.9411404				Rorb-IRES2-Cre-D	485931158
-38264.298147	-38935.1913379				Cux2-CreERT2	485932822
-35580.4841901	-38320.1779568	-31487.3404765	-38578.7102286	-38828.6619073	Ntsr1-Cre_GN220	485938494
-40231.6545743	-40687.2149257				Cux2-CreERT2	485955227
-39519.1431584	-39719.5349843	-37725.7400362	-39841.2270041	-40408.9782934	Cux2-CreERT2	485958978
-38821.2796991	-38649.9433851	-38188.3116936	-38501.2313082	-38640.6918168	Cux2-CreERT2	486029942
-37134.3115227	-36230.7510114	-36237.1928405	-36805.2493181	-36863.7162375	Rbp4-Cre_KL100	486052980
-38610.710534	-38502.9645058	-37986.7800825	-38625.4719144	-39321.0385063	Cux2-CreERT2	486108147
-40153.4295667	-41417.8524501				Rbp4-Cre_KL100	486110216
-36482.6177093	-35935.8730554				Rbp4-Cre_KL100	486132712
-39702.6370903	-40629.0041642	-40362.009252	-40211.5621425	-40230.1503584	Cux2-CreERT2	486146717
-40771.8681934	-39738.1237226				Cux2-CreERT2	486175203
-37727.7374528	-36592.804771				Rbp4-Cre_KL100	486176465
-38271.052569	-38421.7902378				Cux2-CreERT2	486196663
-39734.0110606	-40192.9917336	-38781.2324011	-40256.2474	-39941.6612052	Cux2-CreERT2	486198953
-36816.1027258	-37761.5099872				Rbp4-Cre_KL100	486236426
-39244.0218013	-39590.5970096	-39248.5842563	-39453.9972488	-39615.2924382	Cux2-CreERT2	486239338
-36823.2301779	-38129.9747495				Cux2-CreERT2	486262299
-38498.467526	-38664.6139627				Cux2-CreERT2	486264574
-28981.7265856	-31881.5952378	-29181.9789703	-32371.2742924	-32418.6103013	Sst-IRES-Cre	486352114
-38972.1029962	-38399.680173				Rorb-IRES2-Cre-D	486466923
-38673.5073004	-38691.9305652	-38124.050219	-39172.8906986	-39193.8570385	Rorb-IRES2-Cre-D	486472847
-38615.4349719	-38735.5015126	-37566.3274367	-38809.2835611	-39467.2578987	Rorb-IRES2-Cre-D	486500736
-37416.4997197	-39140.6382438				Nr5a1-Cre	486510127
-36203.2308352	-36314.4607577				Htr3a-Cre_NO152	486557574
-40081.8125173	-39622.3557945				Cux2-CreERT2	486560376
-38039.1839971	-39136.6022685				Cux2-CreERT2	486753754
-38405.5030784	-39840.6188983				Cux2-CreERT2	486756093
-38457.3892586	-37163.6448542	-37443.9033287	-37220.9477913	-37551.1206099	Scnn1a-Tg3-Cre	486893033
-37547.9282986	-37832.0859371				Htr3a-Cre_NO152	486921382
-33632.2055032	-38176.9772616				Htr3a-Cre_NO152	486941367
-36934.322944	-38169.8216456	-35974.2283456	-37771.3322966	-37694.4522994	Htr3a-Cre_NO152	487158599
-33847.7116228	-33973.4503302	-32036.4658897	-31871.1405416	-31637.3145593	Htr3a-Cre_NO152	487176969
-27625.1741497	-29006.2884269	-27872.3253719	-29294.5766825	-29720.2066893	Pvalb-IRES-Cre	487306716
-38764.704057	-38993.1235771				Cux2-CreERT2	487353993
-38643.3777485	-39208.3216962	-34900.1726459	-39180.6826432	-39189.262189	Cux2-CreERT2	487358945
-36219.2852067	-37250.2596107				Pvalb-IRES-Cre	487400838
-31750.6143209	-35801.2097857				Pvalb-IRES-Cre	487405644
-37011.2584812	-38226.3787572	-34638.9875553	-38842.1521679	-38797.8704267	Cux2-CreERT2	487445455
-39404.8030417	-40084.4887921				Cux2-CreERT2	487446992
-35407.7044139	-35387.1550879				Pvalb-IRES-Cre	487594856
-38866.2269582	-38508.1866284				Cux2-CreERT2	487601493
-21625.3042408	-23881.4089395				Pvalb-IRES-Cre	487638658
-37387.1920613	-37176.3539582				Cux2-CreERT2	487661754
-36352.6178109	-36105.187245	-31642.3815595	-35704.1225894	-36010.8533389	Rbp4-Cre_KL100	487663469
-36813.436122	-36150.6576359				Rbp4-Cre_KL100	487664070
-39066.5835495	-39417.7099841				Rbp4-Cre_KL100	487664663
-35483.7413148	-36975.911588				Pvalb-IRES-Cre	487667205
-31735.5715171	-32178.0393714				Pvalb-IRES-Cre	487668030
-37270.3786881	-38901.0883585				Rbp4-Cre_KL100	488359338
-36092.1132971	-38117.6110687	-33267.8699142	-38210.7061979	-39238.0183116	Rbp4-Cre_KL100	488380827
-38726.4296314	-38617.0338633	-37503.4742519	-39385.1093146	-39437.0571761	Rbp4-Cre_KL100	488419491
-36885.6535889	-39444.9237487	-33166.0456421	-39017.7243872	-38957.8675874	Ntsr1-Cre_GN220	488426904
-36004.4480449	-37844.6761145				Ntsr1-Cre_GN220	488430487
-36206.462019	-35376.1141713	-35089.9782187	-36295.7440706	-36294.3118774	Ntsr1-Cre_GN220	488432250
-34305.6589442	-35555.6631096				Pvalb-IRES-Cre	488440436
-38392.7022266	-37902.641395				Ntsr1-Cre_GN220	488448839
-26207.4894617	-26835.0957244	-27221.7950848	-28200.336557	-28061.7357908	Pvalb-IRES-Cre	488501071
-25158.0882536	-29364.0460966				Pvalb-IRES-Cre	488501487
-37685.096652	-37235.3288512	-36259.2476034	-37296.3734068	-37455.9785853	Ntsr1-Cre_GN220	488675026
-35578.3447027	-37498.2830213	-24600.1458384	-37881.5303994	-37924.6738275	Ntsr1-Cre_GN220	488676149
-38655.3576382	-37324.2428419				Sst-IRES-Cre	488677318
-36521.8983111	-38040.6805423	-36389.9296041	-39443.1067184	-39476.5425218	Sst-IRES-Cre	488677994
-37284.4787802	-36794.1439352				Rbp4-Cre_KL100	488683425
-34847.6560596	-38284.0262766	-34419.8881319	-38273.9956777	-37855.0533294	Htr3a-Cre_NO152	488686369
-38238.1149299	-38705.6593131				Ntsr1-Cre_GN220	488688344
-37389.5161743	-36664.2554683				Rorb-IRES2-Cre-D	488695444
-30510.9151	-31635.4139135				Pvalb-IRES-Cre	488708322
-28419.4319319	-30098.0442485				Pvalb-IRES-Cre	488770805
-39432.0040808	-39030.5714037				Cux2-CreERT2	489259263
-28953.7043174	-31737.8456364				Pvalb-IRES-Cre	489719193
-40781.8890926	-41373.3928527	-39687.2630162	-41396.7070328	-41370.5060188	Nr5a1-Cre	489731121
-36897.2284087	-38466.6852882				Cux2-CreERT2	489751692
-38264.0540934	-38819.3494323	-36180.5393437	-39172.1860985	-39237.0017406	Cux2-CreERT2	489751959
-37684.6711633	-39157.7440142	-35722.0881594	-39023.1652821	-39310.9536122	Nr5a1-Cre	489754156
-38872.3638084	-38538.8581506				Nr5a1-Cre	489885173
-38050.2783211	-38871.609475				Cux2-CreERT2	489887491
-39924.9293639	-40600.2150372				Nr5a1-Cre	489888847
-37143.9802399	-37785.6968246				Nr5a1-Cre	489888898
-34482.2069402	-38587.3721523				Htr3a-Cre_NO152	489930727
-34640.5508948	-32254.0104487	-34056.6718953	-32232.679267	-32855.6670254	Htr3a-Cre_NO152	490149337
-39807.446957	-40830.3401803				Cux2-CreERT2	490170480
-37362.6771027	-37002.7869318				Cux2-CreERT2	490172112
-36424.3359613	-37261.3066395				Sst-IRES-Cre	490173806
-37787.4756888	-38260.4374128	-35128.4338228	-38684.6508266	-38633.5496838	Scnn1a-Tg2-Cre	490205998
-37025.6032065	-38326.0684805				Ntsr1-Cre_GN220	490259231
-36973.9802516	-36391.203733				Ntsr1-Cre_GN220	490259892
-36354.2718002	-38925.3245636	-33122.6114786	-38889.7154803	-39040.4589468	Ntsr1-Cre_GN220	490263438
-38291.9556278	-36942.9113999				Ntsr1-Cre_GN220	490264167
-39098.0880491	-39513.1624831	-38043.6475496	-39806.1085596	-39997.2062388	Cux2-CreERT2	490267468
-41263.4584886	-41698.9695857	-40481.8933954	-41582.1324375	-41940.2404473	Scnn1a-Tg2-Cre	490283519
-36789.4069702	-37425.9857403	-35366.0138518	-38028.5860971	-38213.2687269	Cux2-CreERT2	490376252
-36142.5672904	-37657.920304				Ntsr1-Cre_GN220	490485142
-36260.7838337	-37858.8204243				Rbp4-Cre_KL100	490558274
-41048.857821	-40344.9216126	-40539.2635739	-40180.2559992	-40178.1224053	Rbp4-Cre_KL100	490601284
-35507.6904134	-38081.6280314				Rorb-IRES2-Cre-D	490612150
-38870.177356	-39481.7007693	-37563.1051269	-39490.2452692	-39584.4280169	Rbp4-Cre_KL100	490612844
-34058.4435007	-38779.0258007				Rorb-IRES2-Cre-D	490626718
-36686.347443	-38978.3981786				Rorb-IRES2-Cre-D	490626827
-35851.0456693	-38917.6929667	-33101.3278263	-37490.4311333	-37577.7280557	Ntsr1-Cre_GN220	490718897
-38327.269587	-36946.6968597				Rbp4-Cre_KL100	490733962
-34096.9664203	-36198.9689027				Rbp4-Cre_KL100	490772223
-37729.4633801	-36859.7759743				Rbp4-Cre_KL100	490779678
-37354.154664	-37207.4949381	-35942.5667357	-38099.3636126	-38092.0683613	Rbp4-Cre_KL100	490790207
-37499.7151119	-36483.8300539				Rbp4-Cre_KL100	490916882
-38415.1413955	-39546.7783245	-35844.5814401	-39681.8068423	-39592.3674628	Rbp4-Cre_KL100	490916919
-39271.4926475	-37947.8263846				Rbp4-Cre_KL100	490931049
-36647.0846531	-39083.9829009	-33237.9729395	-39573.8156291	-38998.1413554	Rbp4-Cre_KL100	490982660
-37649.8741389	-37617.6211123				Sst-IRES-Cre	491026389
-36144.6981345	-38205.5725413				Sst-IRES-Cre	491029832
-37913.5726138	-38837.5107497				Sst-IRES-Cre	491030723
-26452.1578113	-26971.6310766	-26448.8417156	-27033.7456221	-26941.8317389	Pvalb-IRES-Cre	491038812
-32137.3317526	-32614.4709664				Sst-IRES-Cre	497560724
-35769.3217084	-34947.3133218				Rorb-IRES2-Cre-D	497583188
-32234.1942516	-33382.5091878				Rorb-IRES2-Cre-D	497611660
-33763.1391692	-32984.3955115	-33670.7334903	-33456.6255879	-34478.806503	Rorb-IRES2-Cre-D	500857324
-35764.5086456	-34749.9007112				Rorb-IRES2-Cre-D	500859045
-26180.8481772	-26182.4886694				Pvalb-IRES-Cre	500879695
-34046.0312264	-32989.3980995				Rorb-IRES2-Cre-D	500894271
-36593.6535403	-35662.1988014				Scnn1a-Tg3-Cre	500964358
-34235.4352236	-33316.4668507				Scnn1a-Tg3-Cre	500964382
-33954.8009066	-33967.3261067				Sst-IRES-Cre	500966656
-34360.5916049	-35106.8082063				Rbp4-Cre_KL100	501014504
-36124.273252	-35375.1600937				Scnn1a-Tg3-Cre	501023852
-33221.0463	-33380.5916269				Sst-IRES-Cre	501280518
-34438.6225086	-34706.0409086				Sst-IRES-Cre	501282204
-34661.0075105	-37392.9809154				Ntsr1-Cre_GN220	501562903
-32739.6833482	-33454.4742239				Ntsr1-Cre_GN220	501566512
-33948.1906051	-33879.3241839	-33342.0055277	-33081.6952705	-33652.8785985	Vip-IRES-Cre	501570114
-35612.4381662	-35028.1389974				Sst-IRES-Cre	501730497
-31120.3410705	-34213.5040524				Vip-IRES-Cre	501736631
-33692.6763353	-33322.5296212				Rorb-IRES2-Cre-D	501848315
-33227.2446644	-32222.925742				Ctgf-2A-dgCre	501891177
-34515.5160914	-33351.15665	-34303.5085222	-34282.271891	-34297.7353544	Rorb-IRES2-Cre-D	501895840
-34873.2592601	-34635.771888	-34934.1299259	-34837.2817682	-33722.9863222	Ctgf-2A-dgCre	501940485
-36855.2411841	-35301.0210235	-36391.6652484	-35282.5692573	-35441.9059396	Rorb-IRES2-Cre-D	501951290
-33813.0661824	-33305.6132187				Ctgf-2A-dgCre	501956013
-33546.4159383	-32864.1018059				Rorb-IRES2-Cre-D	502120615
-37153.0282755	-37370.5144092				Rorb-IRES2-Cre-D	502143149
-35447.3054348	-34479.8735626				Rorb-IRES2-Cre-D	502144146
-35425.6847414	-34683.6928307	-34488.3442512	-34745.9177393	-35649.387613	Nr5a1-Cre	502193385
-36018.2979002	-36394.3481742	-35826.106812	-36363.5434919	-36664.0372642	Nr5a1-Cre	502245101
-33747.9152457	-33826.2508188				Nr5a1-Cre	502260112
-33501.1131664	-32495.9933814	-33348.688406	-33539.3041909	-33845.0011844	Nr5a1-Cre	502267531
-34313.4218969	-34263.4747002				Nr5a1-Cre	502269786
-34346.5627452	-33361.5387846				Ctgf-2A-dgCre	502366405
-34207.7048679	-34018.4288268	-34190.4646353	-34086.6329098	-34190.2885615	Sst-IRES-Cre	502382506
-37826.9140282	-37533.2775824	-36261.0636339	-37531.7185219	-38041.3224919	Rorb-IRES2-Cre-D	502574847
-33330.21728	-32577.47354				Rorb-IRES2-Cre-D	502647640
-34840.6966567	-33945.2071883				Ctgf-2A-dgCre	502665074
-33757.6114364	-33126.4856824	-33954.3914904	-33487.7158042	-33365.0714853	Cux2-CreERT2	502808270
-35724.0388958	-35478.981098				Rorb-IRES2-Cre-D	502873181
-36573.5038712	-35764.257392	-36699.9067377	-35895.8615722	-36118.207482	Rorb-IRES2-Cre-D	502887600
-33721.6528356	-33576.0149591				Nr5a1-Cre	502978383
-35348.0540408	-35221.3263228				Cux2-CreERT2	502999078
-25185.3316325	-26274.4670648				Pvalb-IRES-Cre	503254105
-33213.114367	-33236.0694445				Ntsr1-Cre_GN220	503286448
-32732.3255183	-32748.0756062				Ntsr1-Cre_GN220	503517607
-33321.1347154	-34229.4047255	-31779.5977749	-34355.4940427	-34846.6975856	Ntsr1-Cre_GN220	503814817
-32227.8252252	-35631.7374737				Htr3a-Cre_NO152	504120613
-34893.4046708	-34582.1159255	-34726.7473939	-35146.4431133	-35276.522863	Cux2-CreERT2	504567071
-34890.6504272	-35017.6149079	-34590.6171916	-35053.4068666	-35545.0098948	Sst-IRES-Cre	504608602
-33272.6962122	-32177.0210629	-33217.5678573	-32713.448948	-32552.5528213	Rorb-IRES2-Cre-D	504615116
-33581.0704008	-32859.9906884				Ctgf-2A-dgCre	504635521
-33996.5007772	-34027.436924				Cux2-CreERT2	504643398
-34723.3060308	-34250.8412565				Rorb-IRES2-Cre-D	504647603
-34245.5377898	-32990.8793358				Cux2-CreERT2	505200218
-34999.2829572	-35757.985085				Cux2-CreERT2	505202906
-34860.8737243	-34812.637287				Cux2-CreERT2	505476170
-32246.1995433	-34516.4227137				Cux2-CreERT2	505512874
-33925.3926918	-34135.4485632				Nr5a1-Cre	505808144
-35326.3877204	-33686.4596259				Scnn1a-Tg2-Cre	506777471
-33681.4774748	-33407.4759284				Rorb-IRES2-Cre-D	507100117
-35172.2962178	-34545.1365937				Rorb-IRES2-Cre-D	507121819
-34231.5793239	-34030.7090956				Scnn1a-Tg2-Cre	507770911
-32961.0947296	-33300.8241449				Ntsr1-Cre_GN220	507914933
-33950.1714202	-33697.7941156				Ntsr1-Cre_GN220	507918877
-33316.8199083	-33611.2049113				Rbp4-Cre_KL100	507996688
-33996.5218265	-34340.7764992				Ntsr1-Cre_GN220	508275137
-37525.0505439	-35952.9332989				Rbp4-Cre_KL100	508566646
-33389.9611635	-33042.2038484				Rbp4-Cre_KL100	508883033
-37566.2543011	-36557.181184				Rbp4-Cre_KL100	508887004
-34303.527309	-33893.1226398	-33707.6111099	-34237.8054693	-34297.5898575	Rbp4-Cre_KL100	508911693
-31911.0273172	-32917.5161183				Ntsr1-Cre_GN220	508980706
-30068.7600564	-31456.2894357				Ntsr1-Cre_GN220	508987256
-33928.4484845	-32799.3700446	-33523.723285	-33585.5954493	-34165.7570709	Ntsr1-Cre_GN220	509003464
-30283.9823579	-29824.9001134				Pvalb-IRES-Cre	509617624
-33083.7302955	-32666.6606033				Vip-IRES-Cre	509620929
-36858.7841112	-34870.4116624	-33906.3426316	-35819.4904802	-36128.9088513	Ctgf-2A-dgCre	509881736
-33032.8277648	-33071.7410958	-31501.2266866	-33465.5870084	-34013.7217946	Ctgf-2A-dgCre	510106222
-31645.3146422	-32743.9208194				Ctgf-2A-dgCre	510114363
-36022.3692801	-34790.1759103				Rorb-IRES2-Cre-D	510702728
-33927.0568272	-33280.0226671	-33790.69291	-34646.1774847	-34131.8948344	Ctgf-2A-dgCre	512322162
-32384.7881929	-33284.3541916				Cux2-CreERT2	513510227
-39127.0669943	-38396.6075804	-36231.115488	-38855.1580656	-39910.5409711	Cux2-CreERT2	513531471
-34955.7113925	-35163.9104298	-34176.6194846	-35513.4592725	-35677.4988741	Cux2-CreERT2	513593674
-35244.7471935	-34529.0527185	-34581.031564	-34853.0965593	-35198.7080563	Scnn1a-Tg3-Cre	513832252
-33593.4136594	-33037.7876845				Scnn1a-Tg3-Cre	513879001
-35028.8825101	-34678.4438382				Nr5a1-Cre	514530024
-35419.2237649	-33695.9894362				Nr5a1-Cre	514544971
-32360.4815321	-33442.5660164				Vip-IRES-Cre	514767977
-32548.6433637	-32310.3385054	-32111.4895179	-32956.9807443	-33174.9719301	Htr3a-Cre_NO152	514824979
-34165.9184592	-33310.9113028				Scnn1a-Tg3-Cre	515056927
-34866.8235336	-34022.9100034	-34780.494417	-34143.9627834	-34131.2177934	Scnn1a-Tg3-Cre	515059388
-36548.0161979	-35518.3920712				Scnn1a-Tg3-Cre	515199779
-34530.1697611	-33957.7296624				Scnn1a-Tg3-Cre	515202564
-34654.3549524	-33070.6910459				Rbp4-Cre_KL100	515249852
-36903.4295404	-36298.9580487				Vip-IRES-Cre	515264431
-27712.8387564	-27362.1818072	-30649.4866459	-31350.5482041	-31566.2386285	Pvalb-IRES-Cre	515305346
-36521.7983805	-34714.3675787	-36178.8120561	-34741.2924798	-36846.0677497	Rbp4-Cre_KL100	515511110
-36063.4614614	-35669.0031721				Rbp4-Cre_KL100	515524026
-35214.2820913	-33974.237147				Cux2-CreERT2	515949222
-29498.5451249	-29130.6745606				Cux2-CreERT2	516906055
-35204.2468361	-34859.2569352	-35600.4236824	-34697.9165805	-35006.8808101	Cux2-CreERT2	516916566
-31676.2562273	-32651.5963814				Ntsr1-Cre_GN220	517077548
-38935.4522318	-38173.5778006				Cux2-CreERT2	517319635
-36866.9526384	-35637.4657826				Scnn1a-Tg2-Cre	517645929
-37505.1597235	-37132.5082386				Scnn1a-Tg2-Cre	517647182
-34556.014092	-34307.5411521				Nr5a1-Cre	517752298
-33394.6348962	-32753.9848965				Rorb-IRES2-Cre-D	517753911
-34127.3322549	-34430.105105				Nr5a1-Cre	517977609
-34761.4893042	-33683.9035497				Scnn1a-Tg2-Cre	517982558
-33629.8286008	-33125.9262078	-33493.3926314	-33427.1085431	-33580.2770837	Scnn1a-Tg2-Cre	518238899
-34234.0700967	-33504.1951944	-33841.9826369	-33147.4308829	-33264.6936679	Scnn1a-Tg2-Cre	518271679
-34250.4536615	-33708.5826042				Scnn1a-Tg2-Cre	518290966
-32021.6294049	-33033.2685474				Chat-IRES-Cre-neo	518623704
-31627.2774461	-33422.1851399	-24869.4020475	-35558.4342453	-35751.2628538	Chat-IRES-Cre-neo	518750800
-33860.4648772	-34101.1333255	-33885.5914697	-34276.174856	-34377.8309749	Chat-IRES-Cre-neo	519220630
-29376.6293813	-30819.0009672	-27953.0771937	-29898.3393603	-29900.7659083	Htr3a-Cre_NO152	519517188
-35290.6511045	-35322.9225341	-35209.8376108	-34907.4199827	-35180.0936318	Htr3a-Cre_NO152	519549081
-34021.338848	-33757.3627417				Htr3a-Cre_NO152	519749342
-34218.653785	-35003.2555927				Htr3a-Cre_NO152	519751607
-33127.5762985	-33811.4467241				Vip-IRES-Cre	520347870
-33732.7626448	-32144.4853759				Cux2-CreERT2	521399472
-33256.5522278	-32769.4361162				Cux2-CreERT2	521409057
-35127.2739829	-35613.0521655				Cux2-CreERT2	521625948
-33454.3685276	-33176.8211346				Cux2-CreERT2	521938313
-33949.919311	-33142.7371989	-33912.4917043	-33902.3718724	-33802.239837	Cux2-CreERT2	521958756
-35844.1560194	-35779.1384004				Htr3a-Cre_NO152	522108467
-33110.9982724	-33198.6733022				Ntsr1-Cre_GN220	522147522
-33838.229333	-33696.6088273	-33324.7512844	-34135.5008092	-34733.0965912	Ntsr1-Cre_GN220	522152249
-33261.3846957	-33908.0950801				Htr3a-Cre_NO152	522257166
-33083.9152875	-33653.5517261				Htr3a-Cre_NO152	522408506
-32533.2349816	-33150.9598788				Vip-IRES-Cre	522418855
-34581.7527429	-33495.5234477	-35192.3080109	-33050.755477	-33593.4709022	Ctgf-2A-dgCre	522723828
-32096.2779202	-31983.2854578	-31913.3648668	-31996.9587575	-32600.4023764	Vip-IRES-Cre	523205934
-33651.2551209	-33656.3396777				Vip-IRES-Cre	523478821
-32793.2336737	-34600.6287365				Vip-IRES-Cre	523478869
-33602.5160947	-34574.8220479				Vip-IRES-Cre	524689239
-33362.0907292	-33596.1155431	-33561.1938706	-33515.7623129	-33663.7560829	Vip-IRES-Cre	524693113
-37801.6565183	-37190.7197456				Chrna2-Cre_OE25	524850271
-34001.0697919	-34544.329629	-34374.0193422	-34721.9418794	-35429.4953555	Vip-IRES-Cre	524876305
-31943.6346383	-33779.5594274				Ndnf-IRES2-dgCre	526531616
-32773.1056484	-33149.805079				Ndnf-IRES2-dgCre	526801742
-32688.9897843	-34209.9914761				Ndnf-IRES2-dgCre	526939383
-32261.3137063	-33083.5580442				Ndnf-IRES2-dgCre	526943222
-32989.9720237	-33543.9307144				Ctgf-2A-dgCre	526946319
-34427.7552118	-35078.7349732				Ctgf-2A-dgCre	526950199
-33613.7765507	-32797.7060298				Ctgf-2A-dgCre	526951157
-32271.1920022	-33800.371436				Ndnf-IRES2-dgCre	527089085
-28862.5220358	-32819.1242872				Ndnf-IRES2-dgCre	527095729
-33315.3983692	-32430.5313993	-29683.3205574	-34864.9459221	-34761.3399634	Ndnf-IRES2-dgCre	527464013
-32577.5333268	-33249.0731381	-30297.9508337	-34340.0989374	-34304.3574732	Ndnf-IRES2-dgCre	527579814
-31928.923391	-33521.4877239	-30985.2401245	-33805.0956891	-33832.4363633	Ndnf-IRES2-dgCre	527869035
-34358.6376234	-34123.2566398	-34741.5349908	-34115.1394	-34163.4538524	Ctgf-2A-dgCre	528501887
-36578.7137654	-36712.9034428				Ctgf-2A-dgCre	530204927
-31401.6940715	-33287.6882948	-31219.565382	-33376.061488	-33308.7184481	Ndnf-IRES2-dgCre	530235049
-35527.6283009	-34479.7126395				Ctgf-2A-dgCre	530349764
-33690.7335771	-34220.4224217				Vip-IRES-Cre	531121585
-33881.6615526	-33870.6316637				Chat-IRES-Cre-neo	531342116
-33228.1234717	-33019.6450222	-33428.0215376	-32530.3780573	-33123.7051754	Ctgf-2A-dgCre	532355382
-33625.5197148	-33075.7912914				Ctgf-2A-dgCre	532571720
-33103.2341729	-34334.7360178				Sst-IRES-Cre	534141324
-34612.7309293	-33851.3943574				Ctgf-2A-dgCre	534524026
-32895.124001	-31940.2549759				Vip-IRES-Cre	535728342
-32090.2080284	-32649.4358012				Ntsr1-Cre_GN220	539742766
-31074.1390642	-32076.1350692				Chat-IRES-Cre-neo	553219924
-32219.0455122	-33371.7191972				Chat-IRES-Cre-neo	553541110
-33161.740431	-32583.1933834				Nkx2-1-CreERT2	554807988
-37372.1331937	-36895.0685156				Chrna2-Cre_OE25	555060623
-35476.7722732	-35905.771143				Chrna2-Cre_OE25	555251867
-35686.2525604	-35703.4602936				Chrna2-Cre_OE25	555263276
-38104.5939566	-37571.9993051	-38441.6670622	-37906.0446053	-37897.2081963	Chrna2-Cre_OE25	555898896
-34593.7094162	-34157.1780786				Chrna2-Cre_OE25	556356342
-38645.8557322	-37153.9938093				Chrna2-Cre_OE25	556363725
-39684.7216202	-39472.6202197	-40084.7400838	-39681.0745417	-40829.6860262	Chrna2-Cre_OE25	556369531
-32054.5598109	-33865.1878396				Chat-IRES-Cre-neo	556968207
-33132.312479	-33836.1988418				Chat-IRES-Cre-neo	557261437
-33312.2588038	-33632.2782075				Chat-IRES-Cre-neo	560889670
-34160.9346464	-34548.3008424				Chat-IRES-Cre-neo	560924223
-31559.6579956	-31333.1704914				Nkx2-1-CreERT2	561325425
-33429.9246193	-33970.8426922				Nkx2-1-CreERT2	561329890
-31554.0997383	-30227.9017208				Nkx2-1-CreERT2	561517025
-32160.635733	-33320.4085122	-29360.5534723	-33088.5926464	-33084.2695934	Nkx2-1-CreERT2	561519381
-33583.3961049	-34361.1970706				Nkx2-1-CreERT2	561520050
-32708.8516424	-33155.2122768	-31526.222672	-33661.5107761	-34226.1686077	Vip-IRES-Cre	561934585
-34487.7395889	-32432.7082934				Chrna2-Cre_OE25	562381417
-34526.8275465	-35692.909549				Chrna2-Cre_OE25	562385794
-33907.7482016	-33998.3910026	-33697.6425261	-34818.2028871	-34877.027081	Vip-IRES-Cre	562535995
-32411.4188283	-33022.2722017				Nkx2-1-CreERT2	563373346
-32081.8727324	-34354.6535855				Nkx2-1-CreERT2	563380422
-31858.2082101	-32242.9820751				Chat-IRES-Cre-neo	563535101
-33101.1151922	-31332.4326809				Nkx2-1-CreERT2	563620254
-34734.6354986	-34900.5967756	-34741.8415655	-34923.2146991	-35240.7654002	Ndnf-IRES2-dgCre	564346637
-36351.9150044	-35370.5870682	-35255.6095642	-35822.8577912	-35930.6503842	Ndnf-IRES2-dgCre	565778331
-33641.8182612	-33433.0275598				Nkx2-1-CreERT2	566304697
-27408.608325	-26451.223469	-28401.090988	-27618.9414374	-27336.5796919	Nkx2-1-CreERT2	566305266
-33944.0118985	-34738.859089				Chrna2-Cre_OE25	566460800
-33883.628392	-32591.8941467	-33598.8322263	-32973.2898748	-33249.1127292	Chrna2-Cre_OE25	566463606
-35026.4716809	-35247.7174777				Chrna2-Cre_OE25	566466395
-35971.7685086	-34926.8617706				Chrna2-Cre_OE25	566517779
-33899.321143	-33232.3021877				Nkx2-1-CreERT2	566541912
-32052.6996224	-33261.6768862				Nkx2-1-CreERT2	566559909
-32945.259704	-32470.6032823	-31774.1188297	-32950.2879837	-32967.8956919	Nkx2-1-CreERT2	566563603
-31829.9519255	-32008.3954196	-31764.4835604	-31950.3929398	-32409.7813721	Chrna2-Cre_OE25	566671538
-32263.83272	-32092.6375201				Nkx2-1-CreERT2	566673170
-32330.4881705	-33456.8571772				Nkx2-1-CreERT2	566760952
-33237.3703878	-32899.317633	-33304.2512947	-33519.1108963	-33422.6528008	Chrna2-Cre_OE25	566761793
-35901.3197162	-34588.8080494				Chrna2-Cre_OE25	566991946
-37767.2949823	-36633.7075941				Nkx2-1-CreERT2	567029686
-33496.5242998	-33589.5057742	-33688.1765298	-34399.6338124	-34625.9871934	Chrna2-Cre_OE25	567266985
-36796.8450649	-36860.2279069				Chrna2-Cre_OE25	567320213
-34815.7604564	-35037.6396626	-34614.4432609	-35232.9645724	-35010.0390807	Chrna2-Cre_OE25	567354967
-34384.2936578	-33941.0702004	-33805.1861187	-33746.7422266	-33813.9353924	Chrna2-Cre_OE25	567399060
-37585.8345094	-37446.0088851				Chrna2-Cre_OE25	569469018
-38687.7078609	-37430.2839687	-38203.0772963	-37457.0557612	-37925.1672066	Chrna2-Cre_OE25	569477234
-31246.7169871	-31568.2198985	-27173.5569775	-32524.9700411	-32513.6034036	Ndnf-IRES2-dgCre	569623233
-34137.1741359	-34494.2750482				Chrna2-Cre_OE25	569653118
-34157.5891911	-33155.1202225				Chrna2-Cre_OE25	569664731
-36889.6477862	-36854.4331953				Chrna2-Cre_OE25	569670455
-35751.3720714	-34155.7651792				Chrna2-Cre_OE25	569730838
-34450.5589579	-34267.5034195				Chrna2-Cre_OE25	569739534
-33147.6130576	-32477.0988031	-32776.4521269	-32846.1835361	-33078.9759785	Vip-IRES-Cre	569810649
-35359.0141447	-35104.2368479				Chrna2-Cre_OE25	570010469
-33297.6607654	-33734.5421478				Chat-IRES-Cre-neo	570280138
-33429.8846147	-33883.7286166				Chat-IRES-Cre-neo	570438732
-35537.3822485	-34983.6601452				Chat-IRES-Cre-neo	570459682
-33683.0481102	-33619.3147166	-33546.3668869	-33557.0303324	-33630.9333826	Vip-IRES-Cre	570924514
-35140.8217058	-34307.4639666				Chrna2-Cre_OE25	573105010
-32196.3625443	-32581.6038258				Chat-IRES-Cre-neo	575774870
-30456.5023049	-31688.0287193				Chat-IRES-Cre-neo	577218818
-33795.7139085	-33682.8014776	-33748.7997975	-34400.4766737	-34999.4273775	Chat-IRES-Cre-neo	577369606
-32811.4270544	-33351.8989292				Chat-IRES-Cre-neo	578774163
-32639.6228765	-34485.9103968	-31406.447468	-35359.0634017	-35626.6031069	Ndnf-IRES2-dgCre	579611597
-33901.9103661	-33983.0538857	-32485.8332399	-33845.6073054	-34392.0316391	Ndnf-IRES2-dgCre	579981789
-32338.5026525	-33560.6194515	-30922.6069943	-33652.8740291	-33682.4197735	Nkx2-1-CreERT2	580537822
-33910.3377128	-32557.6001823	-35452.6840047	-33768.2005173	-33868.9141457	Chrna2-Cre_OE25	580895033
-32247.0572789	-30126.6478715				Nkx2-1-CreERT2	581020172
-31608.6575549	-31380.188905	-31906.8201442	-34455.9458011	-34506.3028329	Nkx2-1-CreERT2	581058351
-31149.4002355	-33476.5487092				Nkx2-1-CreERT2	581058864
-32582.3953467	-32874.1154887	-32381.7774652	-33151.6912487	-33293.5435441	Nkx2-1-CreERT2	581138223
-32740.6608852	-33793.7750283				Nkx2-1-CreERT2	581153862
